#airframe_info, log_version="1.00", airframe_name="Diamond DA40NG", unit_software_part_number="006-B0319-9D", unit_software_version="11.13", system_software_part_number="010-00915-07", system_id="26BBB7B6F", mode=NORMAL, 
#yyy-mm-dd, hh:mm:ss,   hh:mm,  ident,      degrees,      degrees, ft Baro,  inch,  ft msl, deg C,     kt,     kt,     fpm,    deg,    deg,      G,      G,   deg,   deg, volts, volts,   gals,   gals,      gph,      psi,   deg F,     psi,    rpm,       %,      gph,       psi,   deg F,       psi,    rpm,       %,  ft wgs,  kt, enum,    deg,    MHz,    MHz,     MHz,     MHz,    fsd,    fsd,     kt,   deg,     nm,    deg,    deg,   bool,  enum,   enum,   deg,   deg,   fpm,   enum,   mt,    mt,     mt,    mt,     mt
  Lcl Date, Lcl Time, UTCOfst, AtvWpt,     Latitude,    Longitude,    AltB, BaroA,  AltMSL,   OAT,    IAS, GndSpd,    VSpd,  Pitch,   Roll,  LatAc, NormAc,   HDG,   TRK, volt1, volt2,  FQtyL,  FQtyR, E1 FFlow, E1 FPres, E1 OilT, E1 OilP, E1 RPM, E1 %Pwr, E2 FFlow,  E2 FPres, E2 OilT,   E2 OilP, E2 RPM, E2 %Pwr,  AltGPS, TAS, HSIS,    CRS,   NAV1,   NAV2,    COM1,    COM2,   HCDI,   VCDI, WndSpd, WndDr, WptDst, WptBrg, MagVar, AfcsOn, RollM, PitchM, RollC, PichC, VSpdG, GPSfix,  HAL,   VAL, HPLwas, HPLfd, VPLwas
2022-09-05, 06:36:15,  +00:00,       ,             ,             ,  -137.8, 29.91,        ,  26.5,   0.00,       ,   16.07,       ,       ,       ,       ,      ,      ,  23.2,   0.0,  13.92,  13.12,         ,         ,        ,        ,       ,        ,         ,          ,        ,          ,       ,        ,        ,   0,  GPS,  317.8, 110.90, 116.20, 130.875, 121.500,       ,       ,       ,      ,       ,       ,    4.9,      0,  NONE,   NONE,      ,      ,      , NoSoln, 3704,      ,       ,      ,       
2022-09-05, 06:36:15,  +00:00,       ,             ,             ,  -137.8, 29.91,        ,  26.5,   0.00,       ,   16.07,       ,       ,       ,       ,      ,      ,  23.2,   0.0,  13.92,  13.12,         ,         ,        ,        ,       ,        ,         ,          ,        ,          ,       ,        ,        ,   0,  GPS,  317.8, 110.90, 116.20, 130.875, 121.500,       ,       ,       ,      ,       ,       ,    4.9,      0,  NONE,   NONE,      ,      ,      , NoSoln, 3704,      ,       ,      ,       
2022-09-05, 06:36:16,  +00:00,       ,             ,             ,  -138.8, 29.91,        ,  26.5,   0.00,       ,    9.77,       ,       ,       ,       ,      ,      ,  23.2,   0.0,  13.92,  13.12,         ,         ,        ,        ,       ,        ,         ,          ,        ,          ,       ,        ,        ,   0,  GPS,  317.8, 110.90, 116.20, 130.875, 121.500,       ,       ,       ,      ,       ,       ,    4.9,      0,  NONE,   NONE,      ,      ,      , NoSoln, 3704,      ,       ,      ,       
2022-09-05, 06:36:17,  +00:00,       ,             ,             ,  -138.8, 29.91,        ,  26.5,   0.00,       ,   -1.52,       ,       ,       ,       ,      ,      ,  23.2,   0.0,  13.92,  13.12,         ,         ,        ,        ,       ,        ,         ,          ,        ,          ,       ,        ,        ,   0,  GPS,  317.8, 110.90, 116.20, 130.875, 121.500,       ,       ,       ,      ,       ,       ,    4.9,      0,  NONE,   NONE,      ,      ,      , NoSoln, 3704,      ,       ,      ,       
2022-09-05, 06:36:18,  +00:00,       ,             ,             ,  -137.8, 29.91,        ,  26.5,   0.00,       ,   -3.78,       ,       ,       ,       ,      ,      ,  23.2,   0.0,  13.92,  13.12,         ,         ,        ,        ,       ,        ,         ,          ,        ,          ,       ,        ,        ,   0,  GPS,  317.8, 110.90, 116.20, 130.875, 121.500,       ,       ,       ,      ,       ,       ,    4.9,      0,  NONE,   NONE,      ,      ,      , NoSoln, 3704,      ,       ,      ,       
2022-09-05, 06:36:19,  +00:00,       ,             ,             ,  -137.8, 29.91,        ,  26.5,   0.00,       ,   -2.17,       ,       ,       ,       ,      ,      ,  23.2,   0.0,  13.92,  13.12,         ,         ,        ,        ,       ,        ,         ,          ,        ,          ,       ,        ,        ,   0,  GPS,  317.8, 110.90, 116.20, 130.875, 121.500,       ,       ,       ,      ,       ,       ,    4.9,      0,  NONE,   NONE,      ,      ,      , NoSoln, 3704,      ,       ,      ,       
2022-09-05, 06:36:20,  +00:00,       ,             ,             ,  -138.8, 29.91,        ,  26.5,   0.00,       ,   -0.97,       ,       ,       ,       ,      ,      ,  23.2,   0.0,  13.92,  13.12,         ,         ,        ,        ,       ,        ,         ,          ,        ,          ,       ,        ,        ,   0,  GPS,  317.8, 110.90, 116.20, 130.875, 121.500,       ,       ,       ,      ,       ,       ,    4.9,      0,  NONE,   NONE,      ,      ,      , NoSoln, 3704,      ,       ,      ,       
2022-09-05, 06:36:21,  +00:00,       ,             ,             ,  -137.8, 29.91,        ,  26.5,   0.00,       ,   -0.39,       ,       ,       ,       ,      ,      ,  23.2,   0.0,  13.92,  13.12,         ,         ,        ,        ,       ,        ,         ,          ,        ,          ,       ,        ,        ,   0,  GPS,  317.8, 110.90, 116.20, 130.875, 121.500,       ,       ,       ,      ,       ,       ,    4.9,      0,  NONE,   NONE,      ,      ,      , NoSoln, 3704,      ,       ,      ,       
2022-09-05, 06:36:22,  +00:00,       ,             ,             ,  -137.8, 29.91,        ,  26.5,   0.00,       ,   -0.15,       ,       ,       ,       ,      ,      ,  23.2,   0.0,  13.92,  13.12,         ,         ,        ,        ,       ,        ,         ,          ,        ,          ,       ,        ,        ,   0,  GPS,  317.8, 110.90, 116.20, 130.875, 121.500,       ,       ,       ,      ,       ,       ,    4.9,      0,  NONE,   NONE,      ,      ,      , NoSoln, 3704,      ,       ,      ,       
2022-09-05, 06:36:23,  +00:00,       ,             ,             ,  -137.8, 29.91,        ,  26.5,   0.00,       ,    0.25,       ,       ,       ,       ,      ,      ,  23.2,   0.0,  13.92,  13.12,         ,         ,        ,        ,       ,        ,         ,          ,        ,          ,       ,        ,        ,   0,  GPS,  317.8, 110.90, 116.20, 130.875, 121.500,       ,       ,       ,      ,       ,       ,    4.9,      0,  NONE,   NONE,      ,      ,      , NoSoln, 3704,      ,       ,      ,       
2022-09-05, 06:36:24,  +00:00,       ,             ,             ,  -137.8, 29.91,        ,  26.5,   0.00,       ,    5.85,       ,       ,       ,       ,      ,      ,  23.2,   0.0,  13.92,  13.12,         ,         ,        ,        ,       ,        ,         ,          ,        ,          ,       ,        ,        ,   0,  GPS,  317.8, 110.90, 116.20, 130.875, 121.500,       ,       ,       ,      ,       ,       ,    4.9,      0,  NONE,   NONE,      ,      ,      , NoSoln, 3704,      ,       ,      ,       
2022-09-05, 06:36:25,  +00:00,       ,             ,             ,  -137.8, 29.91,        ,  26.5,   0.00,       ,    6.94,       ,       ,       ,       ,      ,      ,  23.0,   0.0,  13.92,  13.12,     0.00,    50.98,  -58.00,    0.00,    0.0,    0.00,         ,          ,        ,          ,       ,        ,        ,   0,  GPS,  317.8, 110.90, 116.20, 130.875, 121.500,       ,       ,       ,      ,       ,       ,    4.9,      0,  NONE,   NONE,      ,      ,      , NoSoln, 3704,      ,       ,      ,       
2022-09-05, 06:36:26,  +00:00,       ,             ,             ,  -137.8, 29.91,        ,  26.5,   0.00,       ,    3.76,       ,       ,       ,       ,      ,      ,  22.7,   0.0,  13.92,  13.12,     0.00,    57.36,  -58.00,    0.00,    0.0,    0.00,         ,          ,        ,          ,       ,        ,        ,   0,  GPS,  317.8, 110.90, 116.20, 130.875, 121.500,       ,       ,       ,      ,       ,       ,    4.9,      0,  NONE,   NONE,      ,      ,      , NoSoln, 3704,      ,       ,      ,       
2022-09-05, 06:36:27,  +00:00,       ,             ,             ,  -137.8, 29.91,        ,  26.5,   0.00,       ,    3.72,       ,       ,       ,       ,      ,      ,  22.6,   0.0,  13.92,  13.12,     0.00,    59.68,  -58.00,    0.00,    0.0,    0.00,         ,          ,        ,          ,       ,        ,        ,   0,  GPS,  317.8, 110.90, 116.20, 130.875, 121.500,       ,       ,       ,      ,       ,       ,    4.9,      0,  NONE,   NONE,      ,      ,      , NoSoln, 3704,      ,       ,      ,       
2022-09-05, 06:36:28,  +00:00,       ,             ,             ,  -136.8, 29.91,        ,  26.5,   0.00,       ,    9.29,       ,       ,       ,       ,      ,      ,  22.6,   0.0,  13.92,  13.12,     0.00,    60.55,  -58.00,    0.00,    0.0,    0.00,         ,          ,        ,          ,       ,        ,        ,   0,  GPS,  317.8, 110.90, 116.20, 130.875, 121.500,       ,       ,       ,      ,       ,       ,    4.9,      0,  NONE,   NONE,      ,      ,      , NoSoln, 3704,      ,       ,      ,       
2022-09-05, 06:36:29,  +00:00,       ,             ,             ,  -136.8, 29.91,        ,  26.5,   0.00,       ,   13.04,       ,       ,       ,       ,      ,      ,  22.6,   0.0,  13.92,  13.12,     0.00,    60.77,   82.40,    0.00,    0.0,    0.00,         ,          ,        ,          ,       ,        ,        ,   0,  GPS,  317.8, 110.90, 116.20, 130.875, 121.500,       ,       ,       ,      ,       ,       ,    4.9,      0,  NONE,   NONE,      ,      ,      , NoSoln, 3704,      ,       ,      ,       
2022-09-05, 06:36:30,  +00:00,       ,             ,             ,  -136.8, 29.91,        ,  26.5,   0.00,       ,   14.82,       ,       ,       ,       ,      ,      ,  22.6,   0.0,  13.92,  13.12,     0.00,    61.06,   82.40,    0.00,    0.0,    0.00,         ,          ,        ,          ,       ,        ,        ,   0,  GPS,  317.8, 110.90, 116.20, 130.875, 121.500,       ,       ,       ,      ,       ,       ,    4.9,      0,  NONE,   NONE,      ,      ,      , NoSoln, 3704,      ,       ,      ,       
2022-09-05, 06:36:31,  +00:00,       ,             ,             ,  -136.8, 29.91,        ,  26.5,   0.00,       ,   14.37,       ,       ,       ,       ,      ,      ,  22.7,   0.0,  13.92,  13.12,     0.00,    61.13,   82.40,    0.00,    0.0,    0.00,         ,          ,        ,          ,       ,        ,        ,   0,  GPS,  317.8, 110.90, 116.20, 130.875, 121.500,       ,       ,       ,      ,       ,       ,    4.9,      0,  NONE,   NONE,      ,      ,      , NoSoln, 3704,      ,       ,      ,       
2022-09-05, 06:36:37,  +00:00,       ,             ,             ,  -136.8, 29.91,        ,  26.5,   0.00,       ,    8.09,       ,       ,       ,       ,      ,      ,  22.7,   0.0,  13.92,  13.12,     0.00,    61.13,   82.40,    0.00,    0.0,    0.00,         ,          ,        ,          ,       ,        ,        ,   0,  GPS,  317.8, 110.90, 116.20, 130.875, 121.500,       ,       ,       ,      ,       ,       ,    4.9,      0,  NONE,   NONE,      ,      ,      , NoSoln, 3704,      ,       ,      ,       
2022-09-05, 06:36:38,  +00:00,       ,             ,             ,  -136.8, 29.91,        ,  26.5,   0.00,       ,    3.60,       ,       ,       ,       ,      ,      ,  22.7,   0.0,  13.92,  13.12,     0.00,    61.13,   82.40,    0.00,    0.0,    0.00,         ,          ,        ,          ,       ,        ,        ,   0,  GPS,  317.8, 110.90, 116.20, 130.875, 121.500,       ,       ,       ,      ,       ,       ,    4.9,      0,  NONE,   NONE,      ,      ,      , NoSoln, 3704,      ,       ,      ,       
2022-09-05, 06:36:39,  +00:00,       ,             ,             ,  -136.8, 29.91,        ,  26.5,   0.00,       ,    0.08,       ,       ,       ,       ,      ,      ,  22.7,   0.0,  13.92,  13.12,     0.00,    61.28,   82.40,    0.00,    0.0,    0.00,         ,          ,        ,          ,       ,        ,        ,   0,  GPS,  317.8, 110.90, 116.20, 130.875, 121.500,       ,       ,       ,      ,       ,       ,    4.9,      0,  NONE,   NONE,      ,      ,      , NoSoln, 3704,      ,       ,      ,       
2022-09-05, 06:36:40,  +00:00,       ,             ,             ,  -137.8, 29.91,        ,  26.5,   0.00,       ,   -7.17,       ,       ,       ,       ,      ,      ,  22.7,   0.0,  13.92,  13.12,     0.00,    61.28,   82.40,    0.00,    0.0,    0.00,         ,          ,        ,          ,       ,        ,        ,   0,  GPS,  317.8, 110.90, 116.20, 130.875, 121.500,       ,       ,       ,      ,       ,       ,    4.9,      0,  NONE,   NONE,      ,      ,      , NoSoln, 3704,      ,       ,      ,       
2022-09-05, 06:36:41,  +00:00,       ,             ,             ,  -137.8, 29.91,        ,  26.5,   0.00,       ,  -12.10,       ,       ,       ,       ,      ,      ,  22.7,   0.0,  13.92,  13.12,     0.00,    61.13,   82.40,    0.00,    0.0,    0.00,         ,          ,        ,          ,       ,        ,        ,   0,  GPS,  317.8, 110.90, 116.20, 130.875, 121.500,       ,       ,       ,      ,       ,       ,    4.9,      0,  NONE,   NONE,      ,      ,      , NoSoln, 3704,      ,       ,      ,       
2022-09-05, 06:36:42,  +00:00,       ,             ,             ,  -137.8, 29.91,        ,  26.5,   0.00,       ,  -12.38,       ,       ,       ,       ,      ,      ,  22.6,   0.0,  13.91,  13.12,     0.00,    61.13,   80.60,    0.00,    0.0,    0.00,         ,          ,        ,          ,       ,        ,        ,   0,  GPS,  317.8, 110.90, 116.20, 130.875, 121.500,       ,       ,       ,      ,       ,       ,    4.9,      0,  NONE,   NONE,      ,      ,      , NoSoln, 3704,      ,       ,      ,       
2022-09-05, 06:36:43,  +00:00,       ,             ,             ,  -137.8, 29.91,        ,  26.5,   0.00,       ,   -6.78,       ,       ,       ,       ,      ,      ,  22.6,   0.0,  13.91,  13.12,     0.00,    61.13,   80.60,    0.00,    0.0,    0.00,         ,          ,        ,          ,       ,        ,        ,   0,  GPS,  317.8, 110.90, 116.20, 130.875, 121.500,       ,       ,       ,      ,       ,       ,    4.9,      0,  NONE,   NONE,      ,      ,      , NoSoln, 3704,      ,       ,      ,       
2022-09-05, 06:36:44,  +00:00,       ,             ,             ,  -136.8, 29.91,        ,  26.5,   0.00,       ,   -0.60,       ,       ,       ,       ,      ,      ,  21.5,   0.0,  13.91,  13.12,     0.21,    59.97,   80.60,    0.00,  102.0,    0.00,         ,          ,        ,          ,       ,        ,        ,   0,  GPS,  317.8, 110.90, 116.20, 130.875, 121.500,       ,       ,       ,      ,       ,       ,    4.9,      0,  NONE,   NONE,      ,      ,      , NoSoln, 3704,      ,       ,      ,       
2022-09-05, 06:36:45,  +00:00,       ,             ,             ,  -137.8, 29.91,        ,  26.5,   0.00,       ,    4.65,       ,       ,       ,       ,      ,      ,  21.7,   0.0,  13.91,  13.12,     0.90,    59.18,   80.60,    0.00,  628.0,    0.09,         ,          ,        ,          ,       ,        ,        ,   0,  GPS,  317.8, 110.90, 116.20, 130.875, 121.500,       ,       ,       ,      ,       ,       ,    4.9,      0,  NONE,   NONE,      ,      ,      , NoSoln, 3704,      ,       ,      ,       
2022-09-05, 06:36:46,  +00:00,       ,             ,             ,  -137.8, 29.91,        ,  26.5,   0.00,       ,   -0.70,       ,       ,       ,       ,      ,      ,  26.3,   0.0,  13.91,  13.12,     0.82,    63.09,   80.60,   33.00,  719.0,    0.08,         ,          ,        ,          ,       ,        ,        ,   0,  GPS,  317.8, 110.90, 116.20, 130.875, 121.500,       ,       ,       ,      ,       ,       ,    4.9,      0,  NONE,   NONE,      ,      ,      , NoSoln, 3704,      ,       ,      ,       
2022-09-05, 06:36:47,  +00:00,       ,             ,             ,  -137.8, 29.91,        ,  26.5,   0.00,       ,   -8.51,       ,       ,       ,       ,      ,      ,  28.1,   0.0,  13.91,  13.12,     0.77,    64.98,   82.40,   59.03,  712.0,    0.07,         ,          ,        ,          ,       ,        ,        ,   0,  GPS,  317.8, 110.90, 116.20, 130.875, 121.500,       ,       ,       ,      ,       ,       ,    4.9,      0,  NONE,   NONE,      ,      ,      , NoSoln, 3704,      ,       ,      ,       
2022-09-05, 06:36:48,  +00:00,       ,             ,             ,  -138.8, 29.91,        ,  26.5,   0.00,       ,  -12.85,       ,       ,       ,       ,      ,      ,  28.7,   0.0,  13.91,  13.12,     0.74,    65.48,   82.40,   68.89,  711.0,    0.06,         ,          ,        ,          ,       ,        ,        ,   0,  GPS,  317.8, 110.90, 116.20, 130.875, 121.500,       ,       ,       ,      ,       ,       ,    4.9,      0,  NONE,   NONE,      ,      ,      , NoSoln, 3704,      ,       ,      ,       
2022-09-05, 06:36:49,  +00:00,       ,             ,             ,  -138.8, 29.91,        ,  26.5,   0.00,       ,  -14.78,       ,       ,       ,       ,      ,      ,  28.9,   0.0,  13.91,  13.12,     0.71,    65.48,   82.40,   72.59,  709.0,    0.06,         ,          ,        ,          ,       ,        ,        ,   0,  GPS,  317.8, 110.90, 116.20, 130.875, 121.500,       ,       ,       ,      ,       ,       ,    4.9,      0,  NONE,   NONE,      ,      ,      , NoSoln, 3704,      ,       ,      ,       
2022-09-05, 06:36:50,  +00:00,       ,             ,             ,  -138.8, 29.91,        ,  26.5,   0.00,       ,  -15.55,       ,       ,       ,       ,      ,      ,  29.0,   0.0,  13.91,  13.12,     0.71,    65.41,   82.40,   73.97,  709.0,    0.06,         ,          ,        ,          ,       ,        ,        ,   0,  GPS,  317.8, 110.90, 116.20, 130.875, 121.500,       ,       ,       ,      ,       ,       ,    4.9,      0,  NONE,   NONE,      ,      ,      , NoSoln, 3704,      ,       ,      ,       
2022-09-05, 06:36:51,  +00:00,       ,             ,             ,  -138.8, 29.91,        ,  26.5,   0.00,       ,  -12.09,       ,       ,       ,       ,      ,      ,  29.0,   0.0,  13.91,  13.13,     0.69,    65.63,   82.40,   74.84,  708.0,    0.06,         ,          ,        ,          ,       ,        ,        ,   0,  GPS,  317.8, 110.90, 116.20, 130.875, 121.500,       ,       ,       ,      ,       ,       ,    4.9,      0,  NONE,   NONE,      ,      ,      , NoSoln, 3704,      ,       ,      ,       
2022-09-05, 06:36:52,  +00:00,       ,             ,             ,  -137.8, 29.91,        ,  26.5,   0.00,       ,   -1.25,       ,       ,       ,       ,      ,      ,  29.0,   0.0,  13.91,  13.13,     0.69,    65.99,   82.40,   75.13,  707.0,    0.06,         ,          ,        ,          ,       ,        ,        ,   0,  GPS,  317.8, 110.90, 116.20, 130.875, 121.500,       ,       ,       ,      ,       ,       ,    4.9,      0,  NONE,   NONE,      ,      ,      , NoSoln, 3704,      ,       ,      ,       
2022-09-05, 06:36:53,  +00:00,       ,             ,             ,  -137.8, 29.91,        ,  26.5,   0.00,       ,   11.30,       ,       ,       ,       ,      ,      ,  29.0,   0.0,  13.91,  13.13,     0.69,    66.21,   80.60,   75.35,  708.0,    0.06,         ,          ,        ,          ,       ,        ,        ,   0,  GPS,  317.8, 110.90, 116.20, 130.875, 121.500,       ,       ,       ,      ,       ,       ,    4.9,      0,  NONE,   NONE,      ,      ,      , NoSoln, 3704,      ,       ,      ,       
2022-09-05, 06:36:54,  +00:00,       ,             ,             ,  -137.8, 29.91,        ,  26.5,   0.00,       ,   14.89,       ,       ,       ,       ,      ,      ,  29.0,   0.0,  13.91,  13.14,     0.69,    66.21,   80.60,   75.56,  708.0,    0.06,         ,          ,        ,          ,       ,        ,        ,   0,  GPS,  317.8, 110.90, 116.20, 130.875, 121.500,       ,       ,       ,      ,       ,       ,    4.9,      0,  NONE,   NONE,      ,      ,      , NoSoln, 3704,      ,       ,      ,       
2022-09-05, 06:36:55,  +00:00,       ,             ,             ,  -137.8, 29.91,        ,  26.5,   0.00,       ,   13.37,       ,       ,       ,       ,      ,      ,  29.0,   0.0,  13.91,  13.14,     0.69,    66.28,   82.40,   75.56,  708.0,    0.06,         ,          ,        ,          ,       ,        ,        ,   0,  GPS,  317.8, 110.90, 116.20, 130.875, 121.500,       ,       ,       ,      ,       ,       ,    4.9,      0,  NONE,   NONE,      ,      ,      , NoSoln, 3704,      ,       ,      ,       
2022-09-05, 06:36:56,  +00:00,       ,             ,             ,  -137.8, 29.91,        ,  26.5,   0.00,       ,    7.05,       ,       ,       ,       ,      ,      ,  29.0,   0.0,  13.91,  13.14,     0.69,    66.21,   80.60,   75.56,  710.0,    0.06,         ,          ,        ,          ,       ,        ,        ,   0,  GPS,  317.8, 110.90, 116.20, 130.875, 121.500,       ,       ,       ,      ,       ,       ,    4.9,      0,  NONE,   NONE,      ,      ,      , NoSoln, 3704,      ,       ,      ,       
2022-09-05, 06:36:57,  +00:00,       ,             ,             ,  -137.8, 29.91,        ,  26.5,   0.00,       ,    1.60,       ,       ,       ,       ,      ,      ,  29.0,   0.0,  13.91,  13.14,     0.69,    66.35,   80.60,   75.56,  708.0,    0.06,         ,          ,        ,          ,       ,        ,        ,   0,  GPS,  317.8, 110.90, 116.20, 130.875, 121.500,       ,       ,       ,      ,       ,       ,    4.9,      0,  NONE,   NONE,      ,      ,      , NoSoln, 3704,      ,       ,      ,       
2022-09-05, 06:36:58,  +00:00,       ,             ,             ,  -137.8, 29.91,        ,  26.5,   0.00,       ,   -4.77,       ,       ,       ,       ,      ,      ,  29.0,   0.0,  13.91,  13.14,     0.69,    66.35,   82.40,   75.42,  710.0,    0.06,         ,          ,        ,          ,       ,        ,        ,   0,  GPS,  317.8, 110.90, 116.20, 130.875, 121.500,       ,       ,       ,      ,       ,       ,    4.9,      0,  NONE,   NONE,      ,      ,      , NoSoln, 3704,      ,       ,      ,       
2022-09-05, 06:36:59,  +00:00,       ,             ,             ,  -137.8, 29.91,        ,  26.5,   0.00,       ,   -3.42,       ,       ,       ,       ,      ,      ,  29.0,   0.0,  13.91,  13.14,     0.69,    66.50,   80.60,   75.35,  710.0,    0.06,         ,          ,        ,          ,       ,        ,        ,   0,  GPS,  317.8, 110.90, 116.20, 130.875, 121.500,       ,       ,       ,      ,       ,       ,    4.9,      0,  NONE,   NONE,      ,      ,      , NoSoln, 3704,      ,       ,      ,       
2022-09-05, 06:37:00,  +00:00,       ,             ,             ,  -137.8, 29.91,        ,  26.5,   0.00,       ,   -2.25,       ,       ,       ,       ,      ,      ,  29.0,   0.0,  13.91,  13.14,     0.69,    66.50,   80.60,   75.20,  708.0,    0.06,         ,          ,        ,          ,       ,        ,        ,   0,  GPS,  317.8, 110.90, 116.20, 130.875, 121.500,       ,       ,       ,      ,       ,       ,    4.9,      0,  NONE,   NONE,      ,      ,      , NoSoln, 3704,      ,       ,      ,       
2022-09-05, 06:37:01,  +00:00,       ,             ,             ,  -137.8, 29.91,        ,  26.5,   0.00,       ,   -0.08,       ,       ,       ,       ,      ,      ,  29.0,   0.0,  13.91,  13.14,     0.69,    66.43,   82.40,   75.35,  708.0,    0.06,         ,          ,        ,          ,       ,        ,        ,   0,  GPS,  317.8, 110.90, 116.20, 130.875, 121.500,       ,       ,       ,      ,       ,       ,    4.9,      0,  NONE,   NONE,      ,      ,      , NoSoln, 3704,      ,       ,      ,       
2022-09-05, 06:37:02,  +00:00,       ,             ,             ,  -137.8, 29.91,        ,  26.5,   0.00,       ,    6.15,       ,       ,       ,       ,      ,      ,  29.0,   0.0,  13.91,  13.14,     0.69,    66.21,   82.40,   75.20,  709.0,    0.06,         ,          ,        ,          ,       ,        ,        ,   0,  GPS,  317.8, 110.90, 116.20, 130.875, 121.500,       ,       ,       ,      ,       ,       ,    4.9,      0,  NONE,   NONE,      ,      ,      , NoSoln, 3704,      ,       ,      ,       
2022-09-05, 06:37:03,  +00:00,       ,             ,             ,  -137.8, 29.91,        ,  26.2,   0.00,       ,    8.72,       ,       ,       ,       ,      ,      ,  29.0,   0.0,  13.91,  13.14,     0.66,    66.43,   82.40,   75.13,  711.0,    0.05,         ,          ,        ,          ,       ,        ,        ,   0,  GPS,  317.8, 110.90, 116.20, 130.875, 121.500,       ,       ,       ,      ,       ,       ,    4.9,      0,  NONE,   NONE,      ,      ,      , NoSoln, 3704,      ,       ,      ,       
2022-09-05, 06:37:04,  +00:00,       ,             ,             ,  -137.8, 29.91,        ,  26.2,   0.00,       ,    2.24,   3.58,  -0.03,   0.01,   0.00,  76.5,      ,  29.0,   0.0,  13.91,  13.14,     0.66,    65.48,   82.40,   75.13,  708.0,    0.05,         ,          ,        ,          ,       ,        ,        ,   0,  GPS,  317.8, 110.90, 116.20, 130.875, 121.500,       ,       ,       ,      ,       ,       ,    4.9,      0,  NONE,   NONE,      ,      ,      , NoSoln, 3704,      ,       ,      ,       
2022-09-05, 06:37:05,  +00:00,       ,             ,             ,  -137.8, 29.91,        ,  26.2,   0.00,       ,   -3.56,   3.58,  -0.05,   0.00,   0.00,  76.5,      ,  29.0,   0.0,  13.91,  13.14,     0.66,    64.11,   82.40,   75.13,  709.0,    0.06,         ,          ,        ,          ,       ,        ,        ,   0,  GPS,  317.8, 110.90, 116.20, 130.875, 121.500,       ,       ,       ,      ,       ,       ,    4.9,      0,  NONE,   NONE,      ,      ,      , NoSoln, 3704,      ,       ,      ,       
2022-09-05, 06:37:06,  +00:00,       ,             ,             ,  -137.8, 29.91,        ,  26.2,   0.00,       ,   -2.48,   3.56,  -0.04,   0.00,  -0.00,  76.5,      ,  29.0,   0.0,  13.91,  13.14,     0.66,    64.18,   82.40,   75.13,  711.0,    0.05,         ,          ,        ,          ,       ,        ,        ,   0,  GPS,  317.8, 110.90, 116.20, 130.875, 121.500,       ,       ,       ,      ,       ,       ,    4.9,      0,  NONE,   NONE,      ,      ,      , NoSoln, 3704,      ,       ,      ,       
2022-09-05, 06:37:07,  +00:00,       ,             ,             ,  -137.8, 29.91,        ,  26.2,   0.00,       ,   -1.19,   3.57,  -0.03,   0.01,   0.00,  76.5,      ,  29.0,   0.0,  13.91,  13.14,     0.63,    64.47,   82.40,   75.06,  711.0,    0.05,         ,          ,        ,          ,       ,        ,        ,   0,  GPS,  317.8, 110.90, 116.20, 130.875, 121.500,       ,       ,       ,      ,       ,       ,    4.9,      0,  NONE,   NONE,      ,      ,      , NoSoln, 3704,      ,       ,      ,       
2022-09-05, 06:37:08,  +00:00,       ,             ,             ,  -137.8, 29.91,        ,  26.2,   0.00,       ,   -0.49,   3.57,  -0.02,   0.00,  -0.00,  76.5,      ,  29.0,   0.0,  13.91,  13.14,     0.63,    65.27,   80.60,   74.77,  710.0,    0.05,         ,          ,        ,          ,       ,        ,        ,   0,  GPS,  317.8, 110.90, 116.20, 130.875, 121.500,       ,       ,       ,      ,       ,       ,    4.9,      0,  NONE,   NONE,      ,      ,      , NoSoln, 3704,      ,       ,      ,       
2022-09-05, 06:37:09,  +00:00,       ,             ,             ,  -137.8, 29.91,        ,  26.2,   0.00,       ,   -0.19,   3.57,  -0.01,   0.01,  -0.00,  76.5,      ,  29.0,   0.0,  13.91,  13.14,     0.61,    66.14,   82.40,   74.55,  711.0,    0.05,         ,          ,        ,          ,       ,        ,        ,   0,  GPS,  317.8, 110.90, 116.20, 130.875, 121.500,       ,       ,       ,      ,       ,       ,    4.9,      0,  NONE,   NONE,      ,      ,      , NoSoln, 3704,      ,       ,      ,       
2022-09-05, 06:37:10,  +00:00,       ,             ,             ,  -138.8, 29.91,        ,  26.2,   0.00,       ,   -3.47,   3.57,   0.01,   0.01,   0.00,  76.5,      ,  29.0,   0.0,  13.91,  13.14,     0.61,    66.35,   82.40,   74.26,  711.0,    0.05,         ,          ,        ,          ,       ,        ,        ,   0,  GPS,  317.8, 110.90, 116.20, 130.875, 121.500,       ,       ,       ,      ,       ,       ,    4.9,      0,  NONE,   NONE,      ,      ,      , NoSoln, 3704,      ,       ,      ,       
2022-09-05, 06:37:11,  +00:00,       ,             ,             ,  -138.8, 29.91,        ,  26.2,   0.00,       ,   -9.72,   3.60,  -0.01,   0.00,  -0.00,  76.5,      ,  29.0,   0.0,  13.91,  13.14,     0.61,    66.35,   80.60,   74.04,  710.0,    0.05,         ,          ,        ,          ,       ,        ,        ,   0,  GPS,  317.8, 110.90, 116.20, 130.875, 121.500,       ,       ,       ,      ,       ,       ,    4.9,      0,  NONE,   NONE,      ,      ,      , NoSoln, 3704,      ,       ,      ,       
2022-09-05, 06:37:12,  +00:00,       ,             ,             ,  -138.8, 29.91,        ,  26.2,   0.00,       ,  -11.57,   3.61,  -0.01,   0.01,   0.00,  76.5,      ,  29.0,   0.0,  13.91,  13.14,     0.61,    66.28,   82.40,   73.90,  710.0,    0.05,         ,          ,        ,          ,       ,        ,        ,   0,  GPS,  317.8, 110.90, 116.20, 130.875, 121.500,       ,       ,       ,      ,       ,       ,    4.9,      0,  NONE,   NONE,      ,      ,      , NoSoln, 3704,      ,       ,      ,       
2022-09-05, 06:37:13,  +00:00,       ,             ,             ,  -138.8, 29.91,        ,  26.2,   0.00,       ,   -6.61,   3.60,  -0.05,  -0.00,  -0.00,  76.5,      ,  28.9,   0.0,  13.91,  13.14,     0.61,    66.28,   82.40,   73.82,  710.0,    0.05,         ,          ,        ,          ,       ,        ,        ,   0,  GPS,  317.8, 110.90, 116.20, 130.875, 121.500,       ,       ,       ,      ,       ,       ,    4.9,      0,  NONE,   NONE,      ,      ,      , NoSoln, 3704,      ,       ,      ,       
2022-09-05, 06:37:14,  +00:00,       ,             ,             ,  -138.8, 29.91,        ,  26.2,   0.00,       ,   -2.96,   3.60,  -0.03,   0.01,  -0.00,  76.5,      ,  28.9,   0.0,  13.91,  13.14,     0.61,    66.43,   80.60,   73.68,  710.0,    0.05,         ,          ,        ,          ,       ,        ,        ,   0,  GPS,  317.8, 110.90, 116.20, 130.875, 121.500,       ,       ,       ,      ,       ,       ,    4.9,      0,  NONE,   NONE,      ,      ,      , NoSoln, 3704,      ,       ,      ,       
2022-09-05, 06:37:15,  +00:00,       ,             ,             ,  -137.8, 29.91,        ,  26.0,   0.00,       ,    1.53,   3.60,  -0.01,   0.01,   0.00,  76.5,      ,  28.9,   0.0,  13.91,  13.14,     0.61,    66.35,   82.40,   73.61,  710.0,    0.05,         ,          ,        ,          ,       ,        ,        ,   0,  GPS,  317.8, 110.90, 116.20, 130.875, 121.500,       ,       ,       ,      ,       ,       ,    4.9,      0,  NONE,   NONE,      ,      ,      , NoSoln, 3704,      ,       ,      ,       
2022-09-05, 06:37:16,  +00:00,       ,             ,             ,  -137.8, 29.91,        ,  26.0,   0.00,       ,    8.72,   3.59,  -0.02,   0.00,   0.00,  76.5,      ,  28.9,   0.0,  13.91,  13.14,     0.58,    66.86,   82.40,   72.95,  709.0,    0.05,         ,          ,        ,          ,       ,        ,        ,   0,  GPS,  317.8, 110.90, 116.20, 130.875, 121.500,       ,       ,       ,      ,       ,       ,    4.9,      0,  NONE,   NONE,      ,      ,      , NoSoln, 3704,      ,       ,      ,       
2022-09-05, 06:37:17,  +00:00,       ,             ,             ,  -137.8, 29.91,        ,  26.0,   0.00,       ,   11.72,   3.59,  -0.01,   0.00,  -0.00,  76.5,      ,  28.9,   0.0,  13.91,  13.14,     0.58,    66.93,   80.60,   72.45,  707.0,    0.04,         ,          ,        ,          ,       ,        ,        ,   0,  GPS,  317.8, 110.90, 116.20, 130.875, 121.500,       ,       ,       ,      ,       ,       ,    4.9,      0,  NONE,   NONE,      ,      ,      , NoSoln, 3704,      ,       ,      ,       
2022-09-05, 06:37:18,  +00:00,       ,             ,             ,  -137.8, 29.91,        ,  26.0,   0.00,       ,    7.04,   3.60,  -0.03,   0.01,   0.00,  76.5,      ,  28.9,   0.0,  13.91,  13.14,     0.55,    67.59,   80.60,   72.30,  707.0,    0.04,         ,          ,        ,          ,       ,        ,        ,   0,  GPS,  317.8, 110.90, 116.20, 130.875, 121.500,       ,       ,       ,      ,       ,       ,    4.9,      0,  NONE,   NONE,      ,      ,      , NoSoln, 3704,      ,       ,      ,       
2022-09-05, 06:37:19,  +00:00,       ,             ,             ,  -137.8, 29.91,        ,  26.0,   0.00,       ,    3.21,   3.56,  -0.05,   0.01,   0.00,  76.5,      ,  28.9,   0.0,  13.91,  13.14,     0.55,    68.02,   82.40,   72.23,  713.0,    0.04,         ,          ,        ,          ,       ,        ,        ,   0,  GPS,  317.8, 110.90, 116.20, 130.875, 121.500,       ,       ,       ,      ,       ,       ,    4.9,      0,  NONE,   NONE,      ,      ,      , NoSoln, 3704,      ,       ,      ,       
2022-09-05, 06:37:20,  +00:00,       ,             ,             ,  -138.8, 29.91,        ,  26.0,   0.00,       ,    1.30,   3.58,  -0.03,   0.01,  -0.00,  76.5,      ,  29.0,   0.0,  13.91,  13.14,     0.55,    68.31,   82.40,   72.08,  705.0,    0.04,         ,          ,        ,          ,       ,        ,        ,   0,  GPS,  317.8, 110.90, 116.20, 130.875, 121.500,       ,       ,       ,      ,       ,       ,    4.9,      0,  NONE,   NONE,      ,      ,      , NoSoln, 3704,      ,       ,      ,       
2022-09-05, 06:37:21,  +00:00,       ,             ,             ,  -137.8, 29.91,        ,  26.0,   0.00,       ,    1.42,   3.58,  -0.01,   0.00,  -0.00,  76.5,      ,  29.0,   0.0,  13.91,  13.14,     0.55,    68.39,   80.60,   72.01,  707.0,    0.04,         ,          ,        ,          ,       ,        ,        ,   0,  GPS,  317.8, 110.90, 116.20, 130.875, 121.500,       ,       ,       ,      ,       ,       ,    4.9,      0,  NONE,   NONE,      ,      ,      , NoSoln, 3704,      ,       ,      ,       
2022-09-05, 06:37:22,  +00:00,       ,             ,             ,  -137.8, 29.91,        ,  26.0,   0.00,       ,    7.61,   3.57,  -0.04,  -0.00,  -0.01,  76.5,      ,  28.9,   0.0,  13.91,  13.14,     0.55,    68.24,   82.40,   71.87,  706.0,    0.04,         ,          ,        ,          ,       ,        ,        ,   0,  GPS,  317.8, 110.90, 116.20, 130.875, 121.500,       ,       ,       ,      ,       ,       ,    4.9,      0,  NONE,   NONE,      ,      ,      , NoSoln, 3704,      ,       ,      ,       
2022-09-05, 06:37:23,  +00:00,       ,             ,             ,  -138.8, 29.91,        ,  26.0,   0.00,       ,    4.70,   3.60,  -0.04,   0.01,  -0.00,  76.5,      ,  28.9,   0.0,  13.91,  13.14,     0.55,    68.17,   82.40,   71.72,  706.0,    0.04,         ,          ,        ,          ,       ,        ,        ,   0,  GPS,  317.8, 110.90, 116.20, 130.875, 121.500,       ,       ,       ,      ,       ,       ,    4.9,      0,  NONE,   NONE,      ,      ,      , NoSoln, 3704,      ,       ,      ,       
2022-09-05, 06:37:24,  +00:00,       ,             ,             ,  -138.8, 29.91,        ,  26.0,   0.00,       ,   -5.21,   3.58,  -0.07,   0.00,   0.00,  76.5,      ,  28.9,   0.0,  13.91,  13.15,     0.55,    68.24,   82.40,   71.72,  707.0,    0.04,         ,          ,        ,          ,       ,        ,        ,   0,  GPS,  317.8, 110.90, 116.20, 130.875, 121.500,       ,       ,       ,      ,       ,       ,    4.9,      0,  NONE,   NONE,      ,      ,      , NoSoln, 3704,      ,       ,      ,       
2022-09-05, 06:37:25,  +00:00,       ,             ,             ,  -138.8, 29.91,        ,  26.0,   0.00,       ,   -7.88,   3.55,  -0.05,   0.01,  -0.00,  76.5,      ,  28.9,   0.0,  13.91,  13.15,     0.55,    68.17,   82.40,   71.65,  708.0,    0.04,         ,          ,        ,          ,       ,        ,        ,   0,  GPS,  317.8, 110.90, 116.20, 130.875, 121.500,       ,       ,       ,      ,       ,       ,    4.9,      0,  NONE,   NONE,      ,      ,      , NoSoln, 3704,      ,       ,      ,       
2022-09-05, 06:37:26,  +00:00,       ,             ,             ,  -138.8, 29.91,        ,  26.0,   0.00,       ,   -9.27,   3.56,   0.00,   0.00,   0.01,  76.5,      ,  28.9,   0.0,  13.91,  13.15,     0.55,    68.17,   82.40,   71.50,  706.0,    0.04,         ,          ,        ,          ,       ,        ,        ,   0,  GPS,  317.8, 110.90, 116.20, 130.875, 121.500,       ,       ,       ,      ,       ,       ,    4.9,      0,  NONE,   NONE,      ,      ,      , NoSoln, 3704,      ,       ,      ,       
2022-09-05, 06:37:27,  +00:00,       ,             ,             ,  -137.8, 29.91,        ,  26.0,   0.00,       ,   -4.06,   3.56,  -0.02,   0.00,  -0.00,  76.5,      ,  28.9,   0.0,  13.91,  13.15,     0.55,    67.95,   82.40,   71.21,  706.0,    0.04,         ,          ,        ,          ,       ,        ,        ,   0,  GPS,  317.8, 110.90, 116.20, 130.875, 121.500,       ,       ,       ,      ,       ,       ,    4.9,      0,  NONE,   NONE,      ,      ,      , NoSoln, 3704,      ,       ,      ,       
2022-09-05, 06:37:28,  +00:00,       ,             ,             ,  -137.8, 29.91,        ,  26.0,   0.00,       ,    5.75,   3.55,   0.02,   0.01,   0.02,  76.5,      ,  28.9,   0.0,  13.91,  13.15,     0.55,    67.59,   82.40,   71.00,  705.0,    0.04,         ,          ,        ,          ,       ,        ,        ,   0,  GPS,  317.8, 110.90, 116.20, 130.875, 121.500,       ,       ,       ,      ,       ,       ,    4.9,      0,  NONE,   NONE,      ,      ,      , NoSoln, 3704,      ,       ,      ,       
2022-09-05, 06:37:29,  +00:00,       ,             ,             ,  -136.8, 29.91,        ,  26.0,   0.00,       ,   11.61,   3.55,  -0.01,   0.01,   0.00,  76.5,      ,  28.9,   0.0,  13.91,  13.15,     0.55,    67.15,   82.40,   70.92,  706.0,    0.04,         ,          ,        ,          ,       ,        ,        ,   0,  GPS,  317.8, 110.90, 116.20, 130.875, 121.500,       ,       ,       ,      ,       ,       ,    4.9,      0,  NONE,   NONE,      ,      ,      , NoSoln, 3704,      ,       ,      ,       
2022-09-05, 06:37:30,  +00:00,       ,             ,             ,  -137.8, 29.91,        ,  26.0,   0.00,       ,   14.26,   3.52,  -0.02,   0.00,  -0.01,  76.5,      ,  28.9,   0.0,  13.91,  13.15,     0.55,    67.15,   82.40,   70.85,  708.0,    0.04,         ,          ,        ,          ,       ,        ,        ,   0,  GPS,  317.8, 110.90, 116.20, 130.875, 121.500,       ,       ,       ,      ,       ,       ,    4.9,      0,  NONE,   NONE,      ,      ,      , NoSoln, 3704,      ,       ,      ,       
2022-09-05, 06:37:31,  +00:00,       ,             ,             ,  -137.8, 29.91,        ,  26.0,   0.00,       ,    9.87,   3.56,  -0.01,   0.01,  -0.00,  76.5,      ,  28.9,   0.0,  13.91,  13.15,     0.61,    67.22,   82.40,   70.63,  694.0,    0.05,         ,          ,        ,          ,       ,        ,        ,   0,  GPS,  317.8, 110.90, 116.20, 130.875, 121.500,       ,       ,       ,      ,       ,       ,    4.9,      0,  NONE,   NONE,      ,      ,      , NoSoln, 3704,      ,       ,      ,       
2022-09-05, 06:37:32,  +00:00,       ,   37.9798546,   23.3782177,  -137.8, 29.91,    23.6,  25.8,   0.00,   3.56,    4.70,   3.56,   0.00,   0.01,  -0.00,  76.5, 265.0,  28.9,   0.0,  13.91,  13.15,     0.63,    67.44,   82.40,   71.65,  709.0,    0.05,         ,          ,        ,          ,       ,        ,   145.0,   0,  GPS,  317.8, 110.90, 116.20, 130.875, 121.500,       ,       ,       ,      ,       ,       ,    4.9,      0,  NONE,   NONE,      ,      ,   0.0,     3D, 3704,      ,       , 595.0,       
2022-09-05, 06:37:33,  +00:00,       ,   37.9798546,   23.3781986,  -137.8, 29.91,    19.7,  25.8,   0.00,   3.58,    1.95,   3.55,  -0.01,  -0.00,   0.00,  76.5, 265.2,  28.7,   0.0,  13.91,  13.14,     0.66,    67.22,   82.40,   71.87,  705.0,    0.06,         ,          ,        ,          ,       ,        ,   141.0,   0,  GPS,  317.8, 110.90, 116.20, 130.875, 121.500,       ,       ,       ,      ,       ,       ,    4.9,      0,  NONE,   NONE,      ,      ,   0.0,     3D, 3704,      ,       , 590.0,       
2022-09-05, 06:37:34,  +00:00,       ,   37.9798546,   23.3781815,  -137.8, 29.91,    16.5,  25.8,   0.00,   3.56,   -1.24,   3.55,   0.01,   0.00,  -0.00,  76.5, 265.1,  28.6,   0.0,  13.91,  13.14,     0.66,    67.66,   82.40,   71.87,  709.0,    0.06,         ,          ,        ,          ,       ,        ,   137.8,   0,  GPS,  317.8, 110.90, 116.20, 130.875, 121.500,       ,       ,       ,      ,       ,       ,    4.9,      0,  NONE,   NONE,      ,      ,   0.0,     3D, 3704,      ,       , 589.0,       
2022-09-05, 06:37:35,  +00:00,       ,   37.9798470,   23.3781643,  -137.8, 29.91,     9.7,  25.8,   0.00,   3.56,   -2.01,   3.53,   0.00,   0.00,  -0.01,  76.5, 265.0,  28.6,   0.0,  13.91,  13.14,     0.66,    67.88,   82.40,   71.79,  708.0,    0.06,         ,          ,        ,          ,       ,        ,   131.0,   0,  GPS,  317.8, 110.90, 116.20, 130.875, 121.500,       ,       ,       ,      ,       ,       ,    4.9,      0,  NONE,   NONE,      ,      ,   0.0,     3D, 3704,      ,       , 589.0,       
2022-09-05, 06:37:36,  +00:00,       ,   37.9798470,   23.3781471,  -138.8, 29.91,     9.2,  25.8,   0.00,   2.86,   -7.82,   3.54,   0.02,   0.00,   0.01,  76.5, 265.4,  28.7,   0.0,  13.91,  13.14,     0.63,    67.81,   82.40,   71.94,  717.0,    0.05,         ,          ,        ,          ,       ,        ,   130.5,   0,  GPS,  317.8, 110.90, 116.20, 130.875, 121.500,       ,       ,       ,      ,       ,       ,    4.9,      0,  NONE,   NONE,      ,      ,   0.0,     3D, 3704,      ,       , 589.0,       
2022-09-05, 06:37:37,  +00:00,       ,   37.9798470,   23.3781414,  -138.8, 29.91,     9.6,  25.8,   0.00,   1.38,  -12.01,   3.53,   0.00,   0.01,   0.00,  76.5, 265.2,  28.8,   0.0,  13.91,  13.14,     0.61,    67.37,   82.40,   72.30,  711.0,    0.05,         ,          ,        ,          ,       ,        ,   130.9,   0,  GPS,  317.8, 110.90, 116.20, 130.875, 121.500,       ,       ,       ,      ,       ,       ,    4.9,      0,  NONE,   NONE,      ,      ,   0.0,     3D, 3704,      ,       , 589.5,       
2022-09-05, 06:37:38,  +00:00,       ,   37.9798393,   23.3781528,  -138.8, 29.91,     7.1,  25.8,   0.00,   0.00,   -8.02,   3.54,   0.03,   0.01,   0.00,  76.6, 265.2,  28.9,   0.0,  13.91,  13.14,     0.61,    67.37,   82.40,   72.23,  707.0,    0.05,         ,          ,        ,          ,       ,        ,   128.4,   0,  GPS,  317.8, 110.90, 116.20, 130.875, 121.500,       ,       ,       ,      ,       ,       ,    4.9,      0,  NONE,   NONE,      ,      ,   0.0,     3D, 3704,      ,       , 331.0,       
2022-09-05, 06:37:39,  +00:00,       ,   37.9798393,   23.3781567,  -137.8, 29.91,     7.8,  25.8,   0.00,   0.00,   -3.62,   3.54,   0.00,  -0.00,  -0.00,  76.5, 265.2,  28.9,   0.0,  13.91,  13.14,     0.61,    67.37,   82.40,   72.16,  708.0,    0.05,         ,          ,        ,          ,       ,        ,   129.1,   0,  GPS,  317.8, 110.90, 116.20, 130.875, 121.500,       ,       ,       ,      ,       ,       ,    4.9,      0,  NONE,   NONE,      ,      ,   0.0,     3D, 3704,      ,       , 331.0,       
2022-09-05, 06:37:40,  +00:00,       ,   37.9798393,   23.3781528,  -137.8, 29.91,     7.6,  25.8,   0.00,   0.00,    3.26,   3.56,   0.04,   0.00,   0.01,  76.5, 265.2,  28.9,   0.0,  13.91,  13.14,     0.61,    67.37,   82.40,   71.87,  707.0,    0.05,         ,          ,        ,          ,       ,        ,   128.9,   0,  GPS,  317.8, 110.90, 116.20, 130.875, 121.500,       ,       ,       ,      ,       ,       ,    4.9,      0,  NONE,   NONE,      ,      ,   3.9,     3D, 3704,      ,       , 331.0,       
2022-09-05, 06:37:41,  +00:00,       ,   37.9798393,   23.3781567,  -137.8, 29.91,     6.3,  25.8,   0.00,   0.00,    9.80,   3.55,  -0.02,   0.00,  -0.00,  76.5, 265.2,  28.9,   0.0,  13.91,  13.14,     0.61,    67.44,   82.40,   71.72,  708.0,    0.05,         ,          ,        ,          ,       ,        ,   127.6,   0,  GPS,  317.8, 110.90, 116.20, 130.875, 121.500,       ,       ,       ,      ,       ,       ,    4.9,      0,  NONE,   NONE,      ,      ,   0.0,     3D, 3704,      ,       , 331.0,       
2022-09-05, 06:37:42,  +00:00,       ,   37.9798393,   23.3781567,  -137.8, 29.91,     5.6,  25.8,   0.00,   0.00,   12.71,   3.55,   0.04,   0.01,   0.00,  76.5, 265.2,  28.9,   0.0,  13.91,  13.14,     0.61,    67.30,   82.40,   71.79,  707.0,    0.05,         ,          ,        ,          ,       ,        ,   126.9,   0,  GPS,  317.8, 110.90, 116.20, 130.875, 121.500,       ,       ,       ,      ,       ,       ,    4.9,      0,  NONE,   NONE,      ,      ,  -3.9,     3D, 3704,      ,       , 331.0,       
2022-09-05, 06:37:43,  +00:00,       ,   37.9798393,   23.3781528,  -137.8, 29.91,     5.5,  25.8,   0.00,   0.00,    7.86,   3.52,  -0.02,   0.00,  -0.00,  76.5, 265.2,  28.9,   0.0,  13.91,  13.13,     0.61,    67.22,   82.40,   71.65,  708.0,    0.05,         ,          ,        ,          ,       ,        ,   126.8,   0,  GPS,  317.8, 110.90, 116.20, 130.875, 121.500,       ,       ,       ,      ,       ,       ,    4.9,      0,  NONE,   NONE,      ,      ,   0.0,     3D, 3704,      ,       , 331.5,       
2022-09-05, 06:37:44,  +00:00,       ,   37.9798393,   23.3781528,  -137.8, 29.91,     5.7,  25.8,   0.00,   0.00,    3.61,   3.52,   0.02,   0.01,  -0.00,  76.5, 265.2,  28.9,   0.0,  13.91,  13.13,     0.61,    67.22,   82.40,   71.50,  708.0,    0.05,         ,          ,        ,          ,       ,        ,   127.0,   0,  GPS,  317.8, 110.90, 116.20, 130.875, 121.500,       ,       ,       ,      ,       ,       ,    4.9,      0,  NONE,   NONE,      ,      ,   0.0,     3D, 3704,      ,       , 331.5,       
2022-09-05, 06:37:45,  +00:00,       ,   37.9798393,   23.3781509,  -137.8, 29.91,     5.8,  25.8,   0.00,   0.00,    1.48,   3.50,  -0.01,   0.00,  -0.00,  76.4, 265.2,  28.9,   0.0,  13.91,  13.13,     0.61,    67.37,   82.40,   71.36,  707.0,    0.05,         ,          ,        ,          ,       ,        ,   127.1,   0,  GPS,  317.8, 110.90, 116.20, 130.875, 121.500,       ,       ,       ,      ,       ,       ,    4.9,      0,  NONE,   NONE,      ,      ,   0.0,     3D, 3704,      ,       , 332.0,       
2022-09-05, 06:37:46,  +00:00,       ,   37.9798393,   23.3781509,  -137.8, 29.91,     5.5,  25.8,   0.00,   0.00,    0.56,   3.50,   0.00,   0.01,  -0.00,  76.4, 265.2,  28.9,   0.0,  13.91,  13.13,     0.61,    67.30,   82.40,   71.29,  711.0,    0.05,         ,          ,        ,          ,       ,        ,   126.8,   0,  GPS,  317.8, 110.90, 116.20, 130.875, 121.500,       ,       ,       ,      ,       ,       ,    4.9,      0,  NONE,   NONE,      ,      ,   0.0,     3D, 3704,      ,       , 332.0,       
2022-09-05, 06:37:47,  +00:00,       ,   37.9798393,   23.3781528,  -137.8, 29.91,     5.0,  25.8,   0.00,   0.00,    1.96,   3.47,  -0.04,   0.00,   0.00,  76.5, 265.2,  28.9,   0.0,  13.91,  13.13,     0.61,    67.30,   82.40,   71.21,  709.0,    0.05,         ,          ,        ,          ,       ,        ,   126.3,   0,  GPS,  317.8, 110.90, 116.20, 130.875, 121.500,       ,       ,       ,      ,       ,       ,    4.9,      0,  NONE,   NONE,      ,      ,  -3.9,     3D, 3704,      ,       , 332.0,       
2022-09-05, 06:37:48,  +00:00,       ,   37.9798393,   23.3781528,  -136.8, 29.91,     4.4,  25.8,   0.00,   0.00,    8.42,   3.49,  -0.09,  -0.00,  -0.00,  76.4, 265.2,  28.9,   0.0,  13.91,  13.14,     0.61,    67.52,   82.40,   71.07,  711.0,    0.05,         ,          ,        ,          ,       ,        ,   125.8,   0,  GPS,  317.8, 110.90, 116.20, 130.875, 121.500,       ,       ,       ,      ,       ,       ,    4.9,      0,  NONE,   NONE,      ,      ,   0.0,     3D, 3704,      ,       , 332.5,       
2022-09-05, 06:37:49,  +00:00,       ,   37.9798317,   23.3781567,  -136.8, 29.91,     1.9,  25.8,   0.00,   0.00,   12.68,   3.46,  -0.10,   0.00,   0.01,  76.4, 265.2,  28.9,   0.0,  13.91,  13.14,     0.61,    67.44,   82.40,   71.00,  710.0,    0.05,         ,          ,        ,          ,       ,        ,   123.2,   0,  GPS,  317.8, 110.90, 116.20, 130.875, 121.500,       ,       ,       ,      ,       ,       ,    4.9,      0,  NONE,   NONE,      ,      ,   0.0,     3D, 3704,      ,       , 152.0,       
2022-09-05, 06:37:50,  +00:00,       ,   37.9798393,   23.3781528,  -137.8, 29.91,     6.0,  25.8,   0.00,   0.00,   10.93,   3.44,  -0.10,   0.00,  -0.01,  76.4, 265.2,  28.9,   0.0,  13.91,  13.14,     0.61,    67.37,   82.40,   70.85,  710.0,    0.05,         ,          ,        ,          ,       ,        ,   127.4,   0,  GPS,  317.8, 110.90, 116.20, 130.875, 121.500,       ,       ,       ,      ,       ,       ,    4.9,      0,  NONE,   NONE,      ,      ,   3.9,     3D, 3704,      ,       , 221.0,       
2022-09-05, 06:37:51,  +00:00,       ,   37.9798393,   23.3781528,  -137.8, 29.91,     5.3,  25.8,   0.00,   0.00,    0.77,   3.45,  -0.10,   0.00,  -0.00,  76.4, 265.2,  28.9,   0.0,  13.91,  13.14,     0.61,    67.44,   82.40,   70.63,  711.0,    0.05,         ,          ,        ,          ,       ,        ,   126.6,   0,  GPS,  317.8, 110.90, 116.20, 130.875, 121.500,       ,       ,       ,      ,       ,       ,    4.9,      0,  NONE,   NONE,      ,      ,  -3.9,     3D, 3704,      ,       , 221.0,       
2022-09-05, 06:37:52,  +00:00,       ,   37.9798317,   23.3781528,  -137.8, 29.91,     5.2,  25.8,   0.00,   0.00,   -8.26,   3.44,  -0.10,   0.00,  -0.00,  76.4, 265.2,  28.9,   0.0,  13.91,  13.14,     0.61,    67.52,   82.40,   70.63,  709.0,    0.05,         ,          ,        ,          ,       ,        ,   126.5,   0,  GPS,  317.8, 110.90, 116.20, 130.875, 121.500,       ,       ,       ,      ,       ,       ,    4.9,      0,  NONE,   NONE,      ,      ,   0.0,     3D, 3704,      ,       , 220.5,       
2022-09-05, 06:37:53,  +00:00,       ,   37.9798317,   23.3781528,  -137.8, 29.91,     5.4,  25.8,   0.00,   0.00,  -12.83,   3.45,  -0.14,   0.00,   0.00,  76.5, 265.2,  28.9,   0.0,  13.91,  13.13,     0.58,    67.59,   82.40,   70.63,  711.0,    0.05,         ,          ,        ,          ,       ,        ,   126.7,   0,  GPS,  317.8, 110.90, 116.20, 130.875, 121.500,       ,       ,       ,      ,       ,       ,    4.9,      0,  NONE,   NONE,      ,      ,   0.0,     3D, 3704,      ,       , 220.5,       
2022-09-05, 06:37:54,  +00:00,       ,   37.9798317,   23.3781528,  -136.8, 29.91,     5.8,  25.8,   0.00,   0.00,   -7.28,   3.48,  -0.13,   0.00,   0.00,  76.5, 265.2,  28.9,   0.0,  13.91,  13.13,     0.61,    67.59,   82.40,   70.34,  707.0,    0.05,         ,          ,        ,          ,       ,        ,   127.1,   0,  GPS,  317.8, 110.90, 116.20, 130.875, 121.500,       ,       ,       ,      ,       ,       ,    4.9,      0,  NONE,   NONE,      ,      ,   0.0,     3D, 3704,      ,       , 220.5,       
2022-09-05, 06:37:55,  +00:00,       ,   37.9798317,   23.3781528,  -136.8, 29.91,     6.1,  25.8,   0.00,   0.00,    4.26,   3.41,  -0.15,   0.01,  -0.00,  76.5, 265.2,  28.9,   0.0,  13.91,  13.13,     0.61,    67.37,   82.40,   70.20,  710.0,    0.05,         ,          ,        ,          ,       ,        ,   127.4,   0,  GPS,  317.8, 110.90, 116.20, 130.875, 121.500,       ,       ,       ,      ,       ,       ,    4.9,      0,  NONE,   NONE,      ,      ,   0.0,     3D, 3704,      ,       , 220.5,       
2022-09-05, 06:37:56,  +00:00,       ,   37.9798393,   23.3781509,  -136.8, 29.91,     6.9,  25.8,   0.00,   0.00,   10.93,   3.44,  -0.11,   0.01,   0.00,  76.4, 265.2,  28.9,   0.0,  13.91,  13.13,     0.58,    67.30,   82.40,   70.13,  710.0,    0.05,         ,          ,        ,          ,       ,        ,   128.2,   0,  GPS,  317.8, 110.90, 116.20, 130.875, 121.500,       ,       ,       ,      ,       ,       ,    4.9,      0,  NONE,   NONE,      ,      ,   0.0,     3D, 3704,      ,       , 220.5,       
2022-09-05, 06:37:57,  +00:00,       ,   37.9798393,   23.3781509,  -137.8, 29.91,     7.4,  25.8,   0.00,   0.00,    6.22,   3.44,  -0.15,   0.00,  -0.00,  76.4, 265.2,  28.9,   0.0,  13.91,  13.13,     0.61,    67.44,   82.40,   69.98,  710.0,    0.05,         ,          ,        ,          ,       ,        ,   128.8,   0,  GPS,  317.8, 110.90, 116.20, 130.875, 121.500,       ,       ,       ,      ,       ,       ,    4.9,      0,  NONE,   NONE,      ,      ,   0.0,     3D, 3704,      ,       , 220.0,       
2022-09-05, 06:37:58,  +00:00,       ,   37.9798393,   23.3781509,  -137.8, 29.91,     7.5,  25.8,   0.00,   0.00,   -4.05,   3.45,  -0.13,   0.01,  -0.00,  76.4, 265.2,  28.9,   0.0,  13.91,  13.13,     0.58,    67.52,   82.40,   69.91,  709.0,    0.05,         ,          ,        ,          ,       ,        ,   128.9,   0,  GPS,  317.8, 110.90, 116.20, 130.875, 121.500,       ,       ,       ,      ,       ,       ,    4.9,      0,  NONE,   NONE,      ,      ,   0.0,     3D, 3704,      ,       , 220.0,       
2022-09-05, 06:37:59,  +00:00,       ,   37.9798393,   23.3781509,  -137.8, 29.91,     7.8,  25.8,   0.00,   0.00,  -10.82,   3.45,  -0.16,   0.01,  -0.00,  76.5, 265.2,  28.9,   0.0,  13.91,  13.13,     0.58,    67.37,   82.40,   69.84,  708.0,    0.05,         ,          ,        ,          ,       ,        ,   129.1,   0,  GPS,  317.8, 110.90, 116.20, 130.875, 121.500,       ,       ,       ,      ,       ,       ,    4.9,      0,  NONE,   NONE,      ,      ,  -3.9,     3D, 3704,      ,       , 220.0,       
2022-09-05, 06:38:00,  +00:00,       ,   37.9798393,   23.3781643,  -137.8, 29.91,     1.4,  25.8,   0.00,   0.00,   -9.51,   3.50,  -0.19,   0.01,  -0.00,  76.4, 265.2,  28.9,   0.0,  13.91,  13.13,     0.58,    67.37,   82.40,   69.62,  711.0,    0.05,         ,          ,        ,          ,       ,        ,   122.7,   0,  GPS,  317.8, 110.90, 116.20, 130.875, 121.500,       ,       ,       ,      ,       ,       ,    4.9,      0,  NONE,   NONE,      ,      ,   0.0,     3D, 3704,      ,       , 150.0,       
2022-09-05, 06:38:01,  +00:00,       ,   37.9798431,   23.3781567,  -137.8, 29.91,     6.3,  25.8,   0.00,   0.00,   -0.72,   3.49,  -0.16,   0.00,   0.00,  76.4, 265.2,  28.9,   0.0,  13.91,  13.13,     0.61,    67.30,   82.40,   69.40,  709.0,    0.05,         ,          ,        ,          ,       ,        ,   127.6,   0,  GPS,  317.8, 110.90, 116.20, 130.875, 121.500,       ,       ,       ,      ,       ,       ,    4.9,      0,  NONE,   NONE,      ,      ,   0.0,     3D, 3704,      ,       , 120.0,       
2022-09-05, 06:38:02,  +00:00,       ,   37.9798431,   23.3781586,  -137.8, 29.91,     6.6,  25.8,   0.00,   0.00,    6.66,   3.47,  -0.19,   0.01,   0.00,  76.5, 265.2,  28.9,   0.0,  13.91,  13.13,     0.58,    67.15,   82.40,   69.26,  709.0,    0.05,         ,          ,        ,          ,       ,        ,   127.9,   0,  GPS,  317.8, 110.90, 116.20, 130.875, 121.500,       ,       ,       ,      ,       ,       ,    4.9,      0,  NONE,   NONE,      ,      ,   0.0,     3D, 3704,      ,       , 194.0,       
2022-09-05, 06:38:03,  +00:00,       ,   37.9798431,   23.3781586,  -137.8, 29.91,     7.1,  25.8,   0.00,   0.00,    5.18,   3.48,  -0.15,   0.00,  -0.00,  76.5, 265.2,  28.9,   0.0,  13.91,  13.13,     0.58,    67.22,   82.40,   69.26,  709.0,    0.05,         ,          ,        ,          ,       ,        ,   128.5,   0,  GPS,  317.8, 110.90, 116.20, 130.875, 121.500,       ,       ,       ,      ,       ,       ,    4.9,      0,  NONE,   NONE,      ,      ,   0.0,     3D, 3704,      ,       , 193.0,       
2022-09-05, 06:38:04,  +00:00,       ,   37.9798431,   23.3781586,  -136.8, 29.91,     6.3,  25.8,   0.00,   0.00,    8.76,   3.48,  -0.23,   0.00,  -0.00,  76.5, 265.2,  28.9,   0.0,  13.91,  13.13,     0.58,    67.30,   82.40,   69.04,  708.0,    0.05,         ,          ,        ,          ,       ,        ,   127.7,   0,  GPS,  317.8, 110.90, 116.20, 130.875, 121.500,       ,       ,       ,      ,       ,       ,    4.9,      0,  NONE,   NONE,      ,      ,   0.0,     3D, 3704,      ,       , 193.0,       
2022-09-05, 06:38:05,  +00:00,       ,   37.9798431,   23.3781605,  -137.8, 29.91,     5.7,  25.8,   0.00,   0.00,    5.36,   3.50,  -0.23,   0.01,  -0.00,  76.4, 265.2,  28.9,   0.0,  13.91,  13.13,     0.58,    67.30,   82.40,   68.89,  711.0,    0.04,         ,          ,        ,          ,       ,        ,   127.0,   0,  GPS,  317.8, 110.90, 116.20, 130.875, 121.500,       ,       ,       ,      ,       ,       ,    4.9,      0,  NONE,   NONE,      ,      ,   0.0,     3D, 3704,      ,       , 192.5,       
2022-09-05, 06:38:06,  +00:00,       ,   37.9798393,   23.3781605,  -137.8, 29.91,     4.6,  25.8,   0.00,   0.00,   -3.94,   3.50,  -0.23,   0.00,  -0.01,  76.5, 265.2,  28.8,   0.0,  13.91,  13.14,     0.58,    67.30,   82.40,   68.97,  708.0,    0.05,         ,          ,        ,          ,       ,        ,   126.0,   0,  GPS,  317.8, 110.90, 116.20, 130.875, 121.500,       ,       ,       ,      ,       ,       ,    4.9,      0,  NONE,   NONE,      ,      ,   0.0,     3D, 3704,      ,       , 193.0,       
2022-09-05, 06:38:07,  +00:00,       ,   37.9798393,   23.3781624,  -137.8, 29.91,     4.2,  25.8,   0.00,   0.00,   -4.11,   3.50,  -0.19,   0.01,   0.00,  76.5, 265.2,  28.8,   0.0,  13.91,  13.14,     0.58,    67.30,   82.40,   68.89,  708.0,    0.05,         ,          ,        ,          ,       ,        ,   125.5,   0,  GPS,  317.8, 110.90, 116.20, 130.875, 121.500,       ,       ,       ,      ,       ,       ,    4.9,      0,  NONE,   NONE,      ,      ,   0.0,     3D, 3704,      ,       , 193.0,       
2022-09-05, 06:38:08,  +00:00,       ,   37.9798393,   23.3781605,  -137.8, 29.91,     4.2,  25.8,   0.00,   0.00,   -2.14,   3.49,  -0.20,   0.00,   0.00,  76.5, 265.2,  28.8,   0.0,  13.91,  13.14,     0.58,    67.30,   82.40,   68.82,  707.0,    0.05,         ,          ,        ,          ,       ,        ,   125.5,   0,  GPS,  317.8, 110.90, 116.20, 130.875, 121.500,       ,       ,       ,      ,       ,       ,    4.9,      0,  NONE,   NONE,      ,      ,   0.0,     3D, 3704,      ,       , 193.0,       
2022-09-05, 06:38:09,  +00:00,       ,   37.9798393,   23.3781624,  -137.8, 29.91,     4.0,  25.8,   0.00,   0.00,   -2.39,   3.50,  -0.18,   0.01,  -0.00,  76.5, 265.2,  28.8,   0.0,  13.91,  13.14,     0.58,    67.37,   82.40,   68.68,  707.0,    0.04,         ,          ,        ,          ,       ,        ,   125.3,   0,  GPS,  317.8, 110.90, 116.20, 130.875, 121.500,       ,       ,       ,      ,       ,       ,    4.9,      0,  NONE,   NONE,      ,      ,   0.0,     3D, 3704,      ,       , 193.0,       
2022-09-05, 06:38:10,  +00:00,       ,   37.9798393,   23.3781624,  -138.8, 29.91,     4.2,  25.8,   0.00,   0.00,   -8.42,   3.56,  -0.15,  -0.00,   0.00,  76.5, 265.2,  28.8,   0.0,  13.91,  13.14,     0.58,    67.59,   82.40,   68.60,  707.0,    0.04,         ,          ,        ,          ,       ,        ,   125.5,   0,  GPS,  317.8, 110.90, 116.20, 130.875, 121.500,       ,       ,       ,      ,       ,       ,    4.9,      0,  NONE,   NONE,      ,      ,   0.0,     3D, 3704,      ,       , 193.0,       
2022-09-05, 06:38:11,  +00:00,       ,   37.9798393,   23.3781624,  -138.8, 29.91,     4.2,  25.8,   0.00,   0.00,  -12.64,   3.56,  -0.21,   0.00,   0.00,  76.4, 265.2,  28.8,   0.0,  13.91,  13.14,     0.58,    67.44,   82.40,   68.53,  708.0,    0.04,         ,          ,        ,          ,       ,        ,   125.5,   0,  GPS,  317.8, 110.90, 116.20, 130.875, 121.500,       ,       ,       ,      ,       ,       ,    4.9,      0,  NONE,   NONE,      ,      ,   0.0,     3D, 3704,      ,       , 193.0,       
2022-09-05, 06:38:12,  +00:00,       ,   37.9798393,   23.3781624,  -138.8, 29.91,     4.1,  25.8,   0.00,   0.00,  -14.35,   3.52,  -0.15,   0.00,  -0.00,  76.5, 265.2,  28.8,   0.0,  13.91,  13.14,     0.58,    67.37,   82.40,   68.39,  707.0,    0.04,         ,          ,        ,          ,       ,        ,   125.4,   0,  GPS,  317.8, 110.90, 116.20, 130.875, 121.500,       ,       ,       ,      ,       ,       ,    4.9,      0,  NONE,   NONE,      ,      ,   0.0,     3D, 3704,      ,       , 193.0,       
2022-09-05, 06:38:13,  +00:00,       ,   37.9798393,   23.3781624,  -137.8, 29.91,     4.0,  25.8,   0.00,   0.00,   -6.28,   3.55,  -0.16,   0.00,   0.00,  76.5, 265.2,  28.8,   0.0,  13.91,  13.14,     0.58,    67.30,   82.40,   68.31,  706.0,    0.05,         ,          ,        ,          ,       ,        ,   125.3,   0,  GPS,  317.8, 110.90, 116.20, 130.875, 121.500,       ,       ,       ,      ,       ,       ,    4.9,      0,  NONE,   NONE,      ,      ,   0.0,     3D, 3704,      ,       , 192.5,       
2022-09-05, 06:38:14,  +00:00,       ,   37.9798393,   23.3781624,  -137.8, 29.91,     3.7,  25.8,   0.00,   0.00,    5.01,   3.56,  -0.22,   0.01,  -0.00,  76.5, 265.2,  28.8,   0.0,  13.91,  13.14,     0.58,    67.44,   82.40,   68.17,  707.0,    0.04,         ,          ,        ,          ,       ,        ,   125.0,   0,  GPS,  317.8, 110.90, 116.20, 130.875, 121.500,       ,       ,       ,      ,       ,       ,    4.9,      0,  NONE,   NONE,      ,      ,   0.0,     3D, 3704,      ,       , 192.5,       
2022-09-05, 06:38:15,  +00:00,       ,   37.9798393,   23.3781624,  -137.8, 29.91,     3.7,  25.8,   0.00,   0.00,   11.37,   3.55,  -0.15,   0.02,   0.00,  76.5, 265.2,  28.8,   0.0,  13.91,  13.14,     0.58,    67.44,   82.40,   68.17,  706.0,    0.04,         ,          ,        ,          ,       ,        ,   125.0,   0,  GPS,  317.8, 110.90, 116.20, 130.875, 121.500,       ,       ,       ,      ,       ,       ,    4.9,      0,  NONE,   NONE,      ,      ,   0.0,     3D, 3704,      ,       , 192.5,       
2022-09-05, 06:38:16,  +00:00,       ,   37.9798393,   23.3781624,  -137.8, 29.91,     3.7,  25.8,   0.00,   0.00,   14.19,   3.53,  -0.16,   0.00,   0.00,  76.5, 265.2,  28.8,   0.0,  13.91,  13.14,     0.58,    67.30,   82.40,   67.88,  709.0,    0.04,         ,          ,        ,          ,       ,        ,   125.0,   0,  GPS,  317.8, 110.90, 116.20, 130.875, 121.500,       ,       ,       ,      ,       ,       ,    4.9,      0,  NONE,   NONE,      ,      ,   0.0,     3D, 3704,      ,       , 192.5,       
2022-09-05, 06:38:17,  +00:00,       ,   37.9798393,   23.3781643,  -137.8, 29.91,     3.4,  25.8,   0.00,   0.00,   10.54,   3.50,  -0.20,   0.00,  -0.01,  76.5, 265.2,  28.8,   0.0,  13.91,  13.14,     0.58,    67.22,   82.40,   67.66,  708.0,    0.04,         ,          ,        ,          ,       ,        ,   124.8,   0,  GPS,  317.8, 110.90, 116.20, 130.875, 121.500,       ,       ,       ,      ,       ,       ,    4.9,      0,  NONE,   NONE,      ,      ,   3.9,     3D, 3704,      ,       , 192.5,       
2022-09-05, 06:38:18,  +00:00,       ,   37.9798431,   23.3781586,  -137.8, 29.91,    -2.2,  25.8,   0.00,   0.00,    2.88,   3.53,  -0.21,   0.00,   0.00,  76.4, 265.2,  28.8,   0.0,  13.91,  13.14,     0.58,    67.30,   82.40,   67.59,  707.0,    0.04,         ,          ,        ,          ,       ,        ,   119.2,   0,  GPS,  317.8, 110.90, 116.20, 130.875, 121.500,       ,       ,       ,      ,       ,       ,    4.9,      0,  NONE,   NONE,      ,      ,   0.0, 3DDiff, 3704,      ,     40, 160.5,     66
2022-09-05, 06:38:19,  +00:00,       ,   37.9798431,   23.3781586,  -137.8, 29.91,    -2.1,  25.8,   0.00,   0.00,   -0.22,   3.50,  -0.20,  -0.00,   0.00,  76.4, 265.2,  28.8,   0.0,  13.91,  13.15,     0.58,    67.30,   82.40,   67.59,  708.0,    0.04,         ,          ,        ,          ,       ,        ,   119.2,   0,  GPS,  317.8, 110.90, 116.20, 130.875, 121.500,       ,       ,       ,      ,       ,       ,    4.9,      0,  NONE,   NONE,      ,      ,   0.0, 3DDiff, 3704,      ,     40, 160.5,     66
2022-09-05, 06:38:20,  +00:00,       ,   37.9798431,   23.3781586,  -137.8, 29.91,    -2.4,  25.8,   0.00,   0.00,   -0.40,   3.50,  -0.19,   0.00,  -0.00,  76.4, 265.2,  28.8,   0.0,  13.91,  13.15,     0.58,    67.37,   82.40,   67.59,  705.0,    0.04,         ,          ,        ,          ,       ,        ,   118.9,   0,  GPS,  317.8, 110.90, 116.20, 130.875, 121.500,       ,       ,       ,      ,       ,       ,    4.9,      0,  NONE,   NONE,      ,      ,   0.0, 3DDiff, 3704,      ,     40, 160.5,     66
2022-09-05, 06:38:21,  +00:00,       ,   37.9798431,   23.3781586,  -137.8, 29.91,    -2.6,  25.8,   0.00,   0.00,   -0.21,   3.48,  -0.18,   0.00,  -0.00,  76.4, 265.2,  28.8,   0.0,  13.91,  13.15,     0.58,    67.22,   82.40,   67.37,  708.0,    0.04,         ,          ,        ,          ,       ,        ,   118.7,   0,  GPS,  317.8, 110.90, 116.20, 130.875, 121.500,       ,       ,       ,      ,       ,       ,    4.9,      0,  NONE,   NONE,      ,      ,   0.0, 3DDiff, 3704,      ,     40, 160.5,     66
2022-09-05, 06:38:22,  +00:00,       ,   37.9798431,   23.3781586,  -136.8, 29.91,    -2.8,  25.8,   0.00,   0.00,    5.22,   3.49,  -0.16,   0.00,   0.01,  76.4, 265.2,  28.8,   0.0,  13.91,  13.15,     0.58,    67.30,   82.40,   67.22,  707.0,    0.04,         ,          ,        ,          ,       ,        ,   118.5,   0,  GPS,  317.8, 110.90, 116.20, 130.875, 121.500,       ,       ,       ,      ,       ,       ,    4.9,      0,  NONE,   NONE,      ,      ,   0.0, 3DDiff, 3704,      ,     40, 160.5,     66
2022-09-05, 06:38:23,  +00:00,       ,   37.9798431,   23.3781586,  -136.8, 29.91,    -2.7,  25.8,   0.00,   0.00,    7.26,   3.52,  -0.21,   0.00,  -0.01,  76.4, 265.2,  28.8,   0.0,  13.91,  13.15,     0.55,    67.37,   82.40,   67.15,  709.0,    0.04,         ,          ,        ,          ,       ,        ,   118.6,   0,  GPS,  317.8, 110.90, 116.20, 130.875, 121.500,       ,       ,       ,      ,       ,       ,    4.9,      0,  NONE,   NONE,      ,      ,   0.0, 3DDiff, 3704,      ,     40, 160.5,     66
2022-09-05, 06:38:24,  +00:00,       ,   37.9798431,   23.3781586,  -136.8, 29.91,    -2.6,  25.8,   0.00,   0.00,   11.39,   3.50,  -0.15,   0.01,  -0.01,  76.4, 265.2,  28.8,   0.0,  13.91,  13.15,     0.58,    67.22,   82.40,   67.15,  706.0,    0.04,         ,          ,        ,          ,       ,        ,   118.7,   0,  GPS,  317.8, 110.90, 116.20, 130.875, 121.500,       ,       ,       ,      ,       ,       ,    4.9,      0,  NONE,   NONE,      ,      ,   0.0, 3DDiff, 3704,      ,     40, 160.5,     66
2022-09-05, 06:38:25,  +00:00,       ,   37.9798431,   23.3781586,  -136.8, 29.91,    -2.6,  25.8,   0.00,   0.00,   14.00,   3.49,  -0.18,   0.00,  -0.01,  76.5, 265.2,  28.8,   0.0,  13.91,  13.15,     0.58,    67.22,   84.20,   67.01,  709.0,    0.04,         ,          ,        ,          ,       ,        ,   118.7,   0,  GPS,  317.8, 110.90, 116.20, 130.875, 121.500,       ,       ,       ,      ,       ,       ,    4.9,      0,  NONE,   NONE,      ,      ,   0.0, 3DDiff, 3704,      ,     40, 160.5,     66
2022-09-05, 06:38:26,  +00:00,       ,   37.9798431,   23.3781567,  -136.8, 29.91,    -2.4,  25.8,   0.00,   0.00,   13.14,   3.55,  -0.15,   0.01,   0.00,  76.5, 265.2,  28.8,   0.0,  13.91,  13.15,     0.55,    67.37,   84.20,   66.86,  708.0,    0.04,         ,          ,        ,          ,       ,        ,   118.9,   0,  GPS,  317.8, 110.90, 116.20, 130.875, 121.500,       ,       ,       ,      ,       ,       ,    4.9,      0,  NONE,   NONE,      ,      ,   0.0, 3DDiff, 3704,      ,     40, 160.5,     66
2022-09-05, 06:38:27,  +00:00,       ,   37.9798431,   23.3781567,  -137.8, 29.91,    -2.2,  25.8,   0.00,   0.00,    5.32,   3.52,  -0.15,   0.00,  -0.00,  76.5, 265.2,  28.8,   0.0,  13.91,  13.15,     0.58,    67.30,   84.20,   66.79,  708.0,    0.04,         ,          ,        ,          ,       ,        ,   119.1,   0,  GPS,  317.8, 110.90, 116.20, 130.875, 121.500,       ,       ,       ,      ,       ,       ,    4.9,      0,  NONE,   NONE,      ,      ,   0.0, 3DDiff, 3704,      ,     40, 160.5,     66
2022-09-05, 06:38:28,  +00:00,       ,   37.9798431,   23.3781567,  -137.8, 29.91,    -2.2,  25.8,   0.00,   0.00,   -8.31,   3.52,  -0.19,   0.00,  -0.00,  76.5, 265.2,  28.8,   0.0,  13.91,  13.15,     0.58,    67.30,   84.20,   66.64,  708.0,    0.04,         ,          ,        ,          ,       ,        ,   119.1,   0,  GPS,  317.8, 110.90, 116.20, 130.875, 121.500,       ,       ,       ,      ,       ,       ,    4.9,      0,  NONE,   NONE,      ,      ,   3.9, 3DDiff, 3704,      ,     40, 160.5,     66
2022-09-05, 06:38:29,  +00:00,       ,   37.9798431,   23.3781567,  -138.8, 29.91,    -2.4,  25.8,   0.00,   0.00,  -20.69,   3.54,  -0.20,  -0.00,   0.00,  76.4, 265.2,  28.8,   0.0,  13.91,  13.15,     0.55,    67.22,   84.20,   66.50,  706.0,    0.04,         ,          ,        ,          ,       ,        ,   118.9,   0,  GPS,  317.8, 110.90, 116.20, 130.875, 121.500,       ,       ,       ,      ,       ,       ,    4.9,      0,  NONE,   NONE,      ,      ,   0.0, 3DDiff, 3704,      ,     40, 160.5,     66
2022-09-05, 06:38:30,  +00:00,       ,   37.9798393,   23.3781509,  -137.8, 29.91,    -0.9,  25.8,   0.00,   0.00,  -20.06,   3.50,  -0.18,   0.00,  -0.01,  76.5, 265.2,  28.8,   0.0,  13.91,  13.15,     0.55,    67.30,   84.20,   66.43,  707.0,    0.04,         ,          ,        ,          ,       ,        ,   120.5,   0,  GPS,  317.8, 110.90, 116.20, 130.875, 121.500,       ,       ,       ,      ,       ,       ,    4.9,      0,  NONE,   NONE,      ,      ,   3.9, 3DDiff, 3704,      ,     38, 104.0,     60
2022-09-05, 06:38:31,  +00:00,       ,   37.9798393,   23.3781490,  -137.8, 29.91,    -0.5,  25.8,   0.00,   0.00,  -11.02,   3.52,  -0.14,   0.00,  -0.00,  76.5, 265.2,  28.8,   0.0,  13.91,  13.15,     0.55,    67.37,   84.20,   66.35,  708.0,    0.04,         ,          ,        ,          ,       ,        ,   120.8,   0,  GPS,  317.8, 110.90, 116.20, 130.875, 121.500,       ,       ,       ,      ,       ,       ,    4.9,      0,  NONE,   NONE,      ,      ,   0.0, 3DDiff, 3704,      ,     38, 104.0,     60
2022-09-05, 06:38:32,  +00:00,       ,   37.9798393,   23.3781490,  -137.8, 29.91,    -0.5,  25.8,   0.00,   0.00,   -5.02,   3.55,  -0.22,   0.00,  -0.00,  76.4, 265.2,  28.8,   0.0,  13.91,  13.15,     0.61,    67.30,   84.20,   66.50,  721.0,    0.05,         ,          ,        ,          ,       ,        ,   120.8,   0,  GPS,  317.8, 110.90, 116.20, 130.875, 121.500,       ,       ,       ,      ,       ,       ,    4.9,      0,  NONE,   NONE,      ,      ,   0.0, 3DDiff, 3704,      ,     38, 104.0,     60
2022-09-05, 06:38:33,  +00:00,       ,   37.9798431,   23.3781490,  -138.8, 29.91,    -0.3,  25.8,   0.00,   0.00,   -8.10,   3.53,  -0.19,   0.01,   0.00,  76.4, 265.2,  28.8,   0.0,  13.91,  13.15,     0.63,    67.44,   84.20,   67.59,  750.0,    0.05,         ,          ,        ,          ,       ,        ,   121.0,   0,  GPS,  317.8, 110.90, 116.20, 130.875, 121.500,       ,       ,       ,      ,       ,       ,    4.9,      0,  NONE,   NONE,      ,      ,   0.0, 3DDiff, 3704,      ,     38, 104.0,     60
2022-09-05, 06:38:34,  +00:00,       ,   37.9798393,   23.3781490,  -137.8, 29.91,    -0.1,  25.8,   0.00,   0.00,   -7.06,   3.50,  -0.19,   0.00,  -0.00,  76.4, 265.2,  28.8,   0.0,  13.91,  13.15,     0.74,    67.15,   84.20,   68.97,  768.0,    0.07,         ,          ,        ,          ,       ,        ,   121.2,   0,  GPS,  317.8, 110.90, 116.20, 130.875, 121.500,       ,       ,       ,      ,       ,       ,    4.9,      0,  NONE,   NONE,      ,      ,   0.0, 3DDiff, 3704,      ,     38, 104.0,     60
2022-09-05, 06:38:35,  +00:00,       ,   37.9798431,   23.3781490,  -137.8, 29.91,    -0.3,  25.8,   0.00,   0.00,   -3.62,   3.49,  -0.21,   0.00,  -0.00,  76.4, 265.2,  28.8,   0.0,  13.91,  13.15,     0.74,    67.22,   84.20,   71.50,  809.0,    0.07,         ,          ,        ,          ,       ,        ,   121.0,   0,  GPS,  317.8, 110.90, 116.20, 130.875, 121.500,       ,       ,       ,      ,       ,       ,    4.9,      0,  NONE,   NONE,      ,      ,   0.0, 3DDiff, 3704,      ,     38, 104.0,     60
2022-09-05, 06:38:36,  +00:00,       ,   37.9798431,   23.3781490,  -138.8, 29.91,    -0.4,  25.8,   0.00,   0.00,   -7.34,   3.49,  -0.24,   0.01,  -0.00,  76.4, 265.2,  28.7,   0.0,  13.91,  13.15,     0.71,    67.52,   84.20,   72.66,  821.0,    0.06,         ,          ,        ,          ,       ,        ,   120.9,   0,  GPS,  317.8, 110.90, 116.20, 130.875, 121.500,       ,       ,       ,      ,       ,       ,    4.9,      0,  NONE,   NONE,      ,      ,   0.0, 3DDiff, 3704,      ,     38, 104.0,     60
2022-09-05, 06:38:37,  +00:00,       ,   37.9798431,   23.3781490,  -138.8, 29.91,    -0.5,  25.8,   0.00,   0.00,  -11.35,   3.50,  -0.18,   0.01,  -0.00,  76.4, 265.2,  28.7,   0.0,  13.91,  13.15,     0.85,    67.52,   84.20,   73.82,  857.0,    0.09,         ,          ,        ,          ,       ,        ,   120.8,   0,  GPS,  317.8, 110.90, 116.20, 130.875, 121.500,       ,       ,       ,      ,       ,       ,    4.9,      0,  NONE,   NONE,      ,      ,   0.0, 3DDiff, 3704,      ,     38, 104.0,     60
2022-09-05, 06:38:38,  +00:00,       ,   37.9798431,   23.3781509,  -139.8, 29.91,    -0.5,  25.8,   0.00,   0.00,  -13.19,   3.46,  -0.20,   0.01,   0.00,  76.4, 265.2,  28.7,   0.0,  13.91,  13.15,     1.27,    67.08,   84.20,   76.29, 1027.0,    0.16,         ,          ,        ,          ,       ,        ,   120.8,   0,  GPS,  317.8, 110.90, 116.20, 130.875, 121.500,       ,       ,       ,      ,       ,       ,    4.9,      0,  NONE,   NONE,      ,      ,   0.0, 3DDiff, 3704,      ,     38, 104.0,     60
2022-09-05, 06:38:39,  +00:00,       ,   37.9798431,   23.3781509,  -139.8, 29.91,    -0.7,  25.8,   0.00,   0.00,  -18.38,   3.39,  -0.20,   0.00,   0.00,  76.5, 265.2,  28.7,   0.0,  13.91,  13.15,     1.51,    67.15,   84.20,   78.18, 1169.0,    0.19,         ,          ,        ,          ,       ,        ,   120.6,   0,  GPS,  317.8, 110.90, 116.20, 130.875, 121.500,       ,       ,       ,      ,       ,       ,    4.9,      0,  NONE,   NONE,      ,      ,   0.0, 3DDiff, 3704,      ,     38, 104.0,     60
2022-09-05, 06:38:40,  +00:00,       ,   37.9798431,   23.3781528,  -138.8, 29.91,    -0.5,  25.8,   0.00,   0.00,  -15.27,   3.37,  -0.16,  -0.00,   0.00,  76.6, 265.2,  28.7,   0.0,  13.91,  13.15,     1.56,    67.01,   84.20,   79.48, 1211.0,    0.19,         ,          ,        ,          ,       ,        ,   120.8,   0,  GPS,  317.8, 110.90, 116.20, 130.875, 121.500,       ,       ,       ,      ,       ,       ,    4.9,      0,  NONE,   NONE,      ,      ,   0.0, 3DDiff, 3704,      ,     38, 104.0,     60
2022-09-05, 06:38:41,  +00:00,       ,   37.9798431,   23.3781567,  -138.8, 29.91,    -0.5,  25.8,   0.00,   0.00,   -7.34,   3.34,  -0.10,   0.01,  -0.02,  76.9, 265.2,  28.7,   0.0,  13.91,  13.15,     1.24,    66.93,   84.20,   79.84, 1186.0,    0.14,         ,          ,        ,          ,       ,        ,   120.9,   0,  GPS,  317.8, 110.90, 116.20, 130.875, 121.500,       ,       ,       ,      ,       ,       ,    4.9,      0,  NONE,   NONE,      ,      ,   3.9, 3DDiff, 3704,      ,     38, 104.0,     60
2022-09-05, 06:38:42,  +00:00,       ,   37.9798431,   23.3781643,  -137.8, 29.91,    -0.5,  25.8,   0.00,   1.22,    3.76,   3.37,  -0.12,  -0.00,  -0.01,  77.1, 265.2,  28.7,   0.0,  13.91,  13.14,     0.90,    67.01,   84.20,   78.39,  936.0,    0.10,         ,          ,        ,          ,       ,        ,   120.8,   0,  GPS,  317.8, 110.90, 116.20, 130.875, 121.500,       ,       ,       ,      ,       ,       ,    4.9,      0,  NONE,   NONE,      ,      ,   0.0, 3DDiff, 3704,      ,     38, 104.0,     60
2022-09-05, 06:38:43,  +00:00,       ,   37.9798431,   23.3781700,  -137.8, 29.91,    -0.4,  25.8,   0.00,   1.38,   16.70,   3.35,  -0.18,  -0.00,  -0.03,  77.5, 265.2,  28.7,   0.0,  13.91,  13.13,     1.06,    67.01,   84.20,   77.67,  994.0,    0.13,         ,          ,        ,          ,       ,        ,   120.9,   0,  GPS,  317.8, 110.90, 116.20, 130.875, 121.500,       ,       ,       ,      ,       ,       ,    4.9,      0,  NONE,   NONE,      ,      ,   0.0, 3DDiff, 3704,      ,     38, 104.0,     60
2022-09-05, 06:38:44,  +00:00,       ,   37.9798431,   23.3781796,  -137.8, 29.91,    -0.3,  25.8,   0.00,   1.54,   17.52,   3.38,  -0.24,   0.00,  -0.00,  77.8, 265.2,  28.7,   0.0,  13.91,  13.12,     1.11,    66.93,   84.20,   77.89, 1035.0,    0.13,         ,          ,        ,          ,       ,        ,   121.0,   0,  GPS,  317.8, 110.90, 116.20, 130.875, 121.500,       ,       ,       ,      ,       ,       ,    4.9,      0,  NONE,   NONE,      ,      ,   0.0, 3DDiff, 3704,      ,     38, 104.0,     60
2022-09-05, 06:38:45,  +00:00,       ,   37.9798431,   23.3781891,  -138.8, 29.91,    -0.1,  25.8,   0.00,   1.77,    9.54,   3.16,  -0.15,   0.04,   0.02,  78.3, 265.2,  28.7,   0.0,  13.91,  13.12,     1.11,    67.37,   84.20,   78.39, 1045.0,    0.13,         ,          ,        ,          ,       ,        ,   121.2,   0,  GPS,  317.8, 110.90, 116.20, 130.875, 121.500,       ,       ,       ,      ,       ,       ,    4.9,      0,  NONE,   NONE,      ,      ,   0.0, 3DDiff, 3704,      ,     38, 104.0,     60
2022-09-05, 06:38:46,  +00:00,       ,   37.9798470,   23.3781967,  -138.8, 29.91,    -0.1,  25.8,   0.00,   1.81,   -1.86,   3.02,  -0.27,   0.00,  -0.01,  77.2, 265.2,  28.7,   0.0,  13.91,  13.12,     1.11,    67.44,   84.20,   78.39, 1046.0,    0.13,         ,          ,        ,          ,       ,        ,   121.2,   0,  GPS,  317.8, 110.90, 116.20, 130.875, 121.500,       ,       ,       ,      ,       ,       ,    4.9,      0,  NONE,   NONE,      ,      ,   0.0, 3DDiff, 3704,      ,     38, 104.0,     60
2022-09-05, 06:38:47,  +00:00,       ,   37.9798470,   23.3782082,  -138.8, 29.91,    -0.1,  25.8,   0.00,   1.46,   -9.74,   3.22,  -0.29,  -0.01,  -0.01,  73.4, 265.2,  28.7,   0.0,  13.90,  13.13,     1.11,    67.15,   84.20,   78.18, 1044.0,    0.13,         ,          ,        ,          ,       ,        ,   121.2,   0,  GPS,  317.8, 110.90, 116.20, 130.875, 121.500,       ,       ,       ,      ,       ,       ,    4.9,      0,  NONE,   NONE,      ,      ,   0.0, 3DDiff, 3704,      ,     38, 104.0,     60
2022-09-05, 06:38:48,  +00:00,       ,   37.9798470,   23.3782158,  -138.8, 29.91,    -0.3,  25.8,   0.00,   1.44,  -11.11,   3.28,  -0.37,   0.01,  -0.03,  69.3, 265.2,  28.7,   0.0,  13.90,  13.15,     1.40,    66.72,   84.20,   78.39, 1128.0,    0.17,         ,          ,        ,          ,       ,        ,   121.1,   0,  GPS,  317.8, 110.90, 116.20, 130.875, 121.500,       ,       ,       ,      ,       ,       ,    4.9,      0,  NONE,   NONE,      ,      ,  -3.9, 3DDiff, 3704,      ,     38, 104.0,     60
2022-09-05, 06:38:49,  +00:00,       ,   37.9798546,   23.3782272,  -138.8, 29.91,    -0.3,  25.8,   0.00,   1.71,   -4.69,   3.35,  -0.30,   0.02,   0.01,  64.1, 265.2,  28.7,   0.0,  13.91,  13.17,     1.53,    66.72,   84.20,   79.05, 1196.0,    0.18,         ,          ,        ,          ,       ,        ,   121.0,   0,  GPS,  317.8, 110.90, 116.20, 130.875, 121.500,       ,       ,       ,      ,       ,       ,    4.9,      0,  NONE,   NONE,      ,      ,   0.0, 3DDiff, 3704,      ,     38, 104.0,     60
2022-09-05, 06:38:50,  +00:00,       ,   37.9798546,   23.3782387,  -136.8, 29.91,    -0.3,  25.8,   0.00,   1.94,    7.88,   3.36,  -0.31,   0.02,   0.00,  57.2, 265.2,  28.7,   0.0,  13.91,  13.17,     1.53,    66.72,   84.20,   79.63, 1217.0,    0.19,         ,          ,        ,          ,       ,        ,   121.0,   0,  GPS,  317.8, 110.90, 116.20, 130.875, 121.500,       ,       ,       ,      ,       ,       ,    4.9,      0,  NONE,   NONE,      ,      ,   0.0, 3DDiff, 3704,      ,     38, 104.0,     60
2022-09-05, 06:38:51,  +00:00,       ,   37.9798584,   23.3782539,  -135.8, 29.91,    -0.3,  25.8,   0.00,   2.25,   26.47,   3.24,  -0.19,  -0.02,  -0.02,  48.6,  56.1,  28.7,   0.0,  13.91,  13.14,     1.56,    67.01,   84.20,   79.63, 1221.0,    0.19,         ,          ,        ,          ,       ,        ,   121.0,   0,  GPS,  317.8, 110.90, 116.20, 130.875, 121.500,       ,       ,       ,      ,       ,       ,    4.9,      0,  NONE,   NONE,      ,      ,   0.0, 3DDiff, 3704,      ,     38, 104.0,     60
2022-09-05, 06:38:52,  +00:00,       ,   37.9798698,   23.3782635,  -136.8, 29.91,    -0.3,  25.8,   0.00,   2.64,   33.56,   3.25,  -0.01,  -0.05,  -0.02,  40.2,  47.9,  28.7,   0.0,  13.91,  13.14,     1.56,    67.44,   84.20,   79.99, 1222.0,    0.19,         ,          ,        ,          ,       ,        ,   121.0,   0,  GPS,  317.8, 110.90, 116.20, 130.875, 121.500,       ,       ,       ,      ,       ,       ,    4.9,      0,  NONE,   NONE,      ,      ,  -3.9, 3DDiff, 3704,      ,     38, 104.0,     60
2022-09-05, 06:38:53,  +00:00,       ,   37.9798775,   23.3782787,  -137.8, 29.91,    -0.2,  25.8,   0.00,   2.95,   17.40,   3.60,   0.18,  -0.05,  -0.00,  30.8,  39.0,  28.7,   0.0,  13.91,  13.11,     1.11,    67.08,   84.20,   79.55, 1101.0,    0.13,         ,          ,        ,          ,       ,        ,   121.1,   0,  GPS,  317.8, 110.90, 116.20, 130.875, 121.500,       ,       ,       ,      ,       ,       ,    4.9,      0,  NONE,   NONE,      ,      ,   0.0, 3DDiff, 3704,      ,     38, 104.0,     60
2022-09-05, 06:38:54,  +00:00,       ,   37.9798927,   23.3782883,  -137.8, 29.91,    -0.2,  25.8,   0.00,   3.19,   -0.15,   3.32,   0.21,  -0.02,   0.02,  20.8,  29.4,  28.7,   0.0,  13.91,  13.07,     1.00,    67.22,   84.20,   78.25, 1018.0,    0.12,         ,          ,        ,          ,       ,        ,   121.1,   0,  GPS,  317.8, 110.90, 116.20, 130.875, 121.500,       ,       ,       ,      ,       ,       ,    4.9,      0,  NONE,   NONE,      ,      ,   0.0, 3DDiff, 3704,      ,     38, 104.0,     60
2022-09-05, 06:38:55,  +00:00,       ,   37.9799042,   23.3782940,  -138.8, 29.91,    -0.1,  25.8,   0.00,   3.21,  -14.35,   3.11,   0.10,  -0.04,  -0.01,  12.0,  19.3,  28.7,   0.0,  13.91,  13.03,     0.98,    67.37,   84.20,   77.45,  995.0,    0.12,         ,          ,        ,          ,       ,        ,   121.2,   0,  GPS,  317.8, 110.90, 116.20, 130.875, 121.500,       ,       ,       ,      ,       ,       ,    4.9,      0,  NONE,   NONE,      ,      ,   0.0, 3DDiff, 3704,      ,     38, 104.0,     60
2022-09-05, 06:38:56,  +00:00,       ,   37.9799194,   23.3782978,  -139.8, 29.91,    -0.0,  25.8,   0.00,   3.23,  -28.93,   3.54,   0.09,  -0.04,   0.02,   2.9,  10.7,  28.7,   0.0,  13.91,  12.97,     0.98,    67.52,   84.20,   77.31,  986.0,    0.12,         ,          ,        ,          ,       ,        ,   121.3,   0,  GPS,  317.8, 110.90, 116.20, 130.875, 121.500,       ,       ,       ,      ,       ,       ,    4.9,      0,  NONE,   NONE,      ,      ,   0.0, 3DDiff, 3704,      ,     38, 104.0,     60
2022-09-05, 06:38:57,  +00:00,       ,   37.9799385,   23.3783035,  -139.8, 29.91,    -0.1,  25.8,   0.00,   3.32,  -32.22,   3.66,   0.09,  -0.03,   0.00, 353.4,   1.5,  28.7,   0.0,  13.91,  12.75,     0.98,    67.22,   84.20,   77.09,  992.0,    0.12,         ,          ,        ,          ,       ,        ,   121.2,   0,  GPS,  317.8, 110.90, 116.20, 130.875, 121.500,       ,       ,       ,      ,       ,       ,    4.9,      0,  NONE,   NONE,      ,      ,   0.0, 3DDiff, 3704,      ,     38, 104.0,     59
2022-09-05, 06:38:58,  +00:00,       ,   37.9799500,   23.3782997,  -139.8, 29.91,    -0.1,  25.8,   0.00,   3.40,  -26.26,   3.52,   0.10,  -0.06,  -0.02, 345.3, 352.1,  28.7,   0.0,  13.91,  12.75,     0.98,    67.88,   84.20,   76.87,  988.0,    0.12,         ,          ,        ,          ,       ,        ,   121.2,   0,  GPS,  317.8, 110.90, 116.20, 130.875, 121.500,       ,       ,       ,      ,       ,       ,    4.9,      0,  NONE,   NONE,      ,      ,   0.0, 3DDiff, 3704,      ,     38, 104.0,     60
2022-09-05, 06:38:59,  +00:00,       ,   37.9799652,   23.3782959,  -139.8, 29.91,    -0.1,  25.8,   0.00,   2.97,  -19.34,   3.22,   0.15,  -0.01,   0.03, 341.3, 344.6,  28.7,   0.0,  13.91,  12.60,     0.98,    67.37,   84.20,   77.02,  987.0,    0.12,         ,          ,        ,          ,       ,        ,   121.2,   0,  GPS,  317.8, 110.90, 116.20, 130.875, 121.500,       ,       ,       ,      ,       ,       ,    4.9,      0,  NONE,   NONE,      ,      ,   0.0, 3DDiff, 3704,      ,     38, 104.0,     60
2022-09-05, 06:39:00,  +00:00,       ,   37.9799690,   23.3782940,  -139.8, 29.91,    -0.1,  25.8,   0.00,   2.12,  -16.04,   3.36,   0.21,   0.04,   0.00, 341.9, 341.8,  28.7,   0.0,  13.91,  12.45,     1.32,    67.15,   84.20,   77.38, 1085.0,    0.16,         ,          ,        ,          ,       ,        ,   121.2,   0,  GPS,  317.8, 110.90, 116.20, 130.875, 121.500,       ,       ,       ,      ,       ,       ,    4.9,      0,  NONE,   NONE,      ,      ,   0.0, 3DDiff, 3704,      ,     38, 104.0,     59
2022-09-05, 06:39:01,  +00:00,       ,   37.9799805,   23.3782940,  -137.8, 29.91,     0.0,  25.8,   0.00,   1.73,    1.96,   3.25,   0.30,  -0.02,   0.01, 342.8, 341.8,  28.7,   0.0,  13.91,  12.37,     1.48,    66.93,   86.00,   78.10, 1171.0,    0.18,         ,          ,        ,          ,       ,        ,   121.3,   0,  GPS,  317.8, 110.90, 116.20, 130.875, 121.500,       ,       ,       ,      ,       ,       ,    4.9,      0,  NONE,   NONE,      ,      ,   0.0, 3DDiff, 3704,      ,     38, 104.0,     59
2022-09-05, 06:39:02,  +00:00,       ,   37.9799881,   23.3782883,  -137.8, 29.91,     0.0,  25.8,   0.00,   1.69,   22.05,   3.21,   0.19,   0.00,   0.02, 344.1, 341.8,  28.6,   0.0,  13.91,  12.38,     1.59,    67.15,   86.00,   79.19, 1217.0,    0.19,         ,          ,        ,          ,       ,        ,   121.4,   0,  GPS,  317.8, 110.90, 116.20, 130.875, 121.500,       ,       ,       ,      ,       ,       ,    4.9,      0,  NONE,   NONE,      ,      ,   0.0, 3DDiff, 3704,      ,     38, 104.0,     60
2022-09-05, 06:39:03,  +00:00,       ,   37.9799995,   23.3782883,  -139.8, 29.91,     0.1,  25.8,   0.00,   1.79,   11.40,   3.05,   0.27,   0.00,   0.01, 345.8, 341.8,  28.6,   0.0,  13.91,  12.58,     1.66,    67.30,   86.00,   79.41, 1254.0,    0.19,         ,          ,        ,          ,       ,        ,   121.4,   0,  GPS,  317.8, 110.90, 116.20, 130.875, 121.500,       ,       ,       ,      ,       ,       ,    4.9,      0,  NONE,   NONE,      ,      ,   3.9, 3DDiff, 3704,      ,     38, 104.0,     60
2022-09-05, 06:39:04,  +00:00,       ,   37.9800034,   23.3782864,  -138.8, 29.91,     0.1,  25.8,   0.00,   2.08,   -0.50,   3.21,   0.08,   0.00,  -0.02, 347.0, 346.5,  28.6,   0.0,  13.91,  12.58,     1.66,    67.01,   86.00,   79.99, 1260.0,    0.19,         ,          ,        ,          ,       ,        ,   121.4,   0,  GPS,  317.8, 110.90, 116.20, 130.875, 121.500,       ,       ,       ,      ,       ,       ,    4.9,      0,  NONE,   NONE,      ,      ,  -3.9, 3DDiff, 3704,      ,     38, 104.0,     59
2022-09-05, 06:39:05,  +00:00,       ,   37.9800224,   23.3782845,  -139.8, 29.91,     0.2,  25.8,   0.00,   2.66,   -7.03,   3.37,   0.29,   0.02,  -0.01, 349.4, 348.0,  28.6,   0.0,  13.91,  12.71,     1.66,    66.93,   86.00,   80.13, 1266.0,    0.19,         ,          ,        ,          ,       ,        ,   121.5,   0,  GPS,  317.8, 110.90, 116.20, 130.875, 121.500,       ,       ,       ,      ,       ,       ,    4.9,      0,  NONE,   NONE,      ,      ,   0.0, 3DDiff, 3704,      ,     38, 104.0,     59
2022-09-05, 06:39:06,  +00:00,       ,   37.9800339,   23.3782825,  -139.8, 29.91,     0.2,  25.8,   0.00,   3.15,  -11.97,   3.12,   0.18,   0.02,  -0.02, 351.6, 350.6,  28.6,   0.0,  13.91,  12.71,     1.64,    66.93,   86.00,   79.92, 1256.0,    0.19,         ,          ,        ,          ,       ,        ,   121.5,   0,  GPS,  317.8, 110.90, 116.20, 130.875, 121.500,       ,       ,       ,      ,       ,       ,    4.9,      0,  NONE,   NONE,      ,      ,   0.0, 3DDiff, 3704,      ,     38, 104.0,     59
2022-09-05, 06:39:07,  +00:00,       ,   37.9800491,   23.3782825,  -139.8, 29.91,     0.2,  25.8,   0.00,   3.56,  -11.65,   2.85,  -0.07,  -0.01,   0.03, 351.6, 352.8,  28.6,   0.0,  13.91,  12.72,     1.64,    66.86,   86.00,   80.13, 1254.0,    0.19,         ,          ,        ,          ,       ,        ,   121.5,   0,  GPS,  317.8, 110.90, 116.20, 130.875, 121.500,       ,       ,       ,      ,       ,       ,    4.9,      0,  NONE,   NONE,      ,      ,   3.9, 3DDiff, 3704,      ,     38, 104.0,     60
2022-09-05, 06:39:08,  +00:00,       ,   37.9800682,   23.3782787,  -139.8, 29.91,     0.2,  25.8,   0.00,   3.58,   -6.21,   2.66,  -0.15,  -0.01,   0.02, 348.9, 351.6,  28.6,   0.0,  13.90,  12.72,     1.61,    66.72,   86.00,   80.42, 1250.0,    0.19,         ,          ,        ,          ,       ,        ,   121.6,   0,  GPS,  317.8, 110.90, 116.20, 130.875, 121.500,       ,       ,       ,      ,       ,       ,    4.9,      0,  NONE,   NONE,      ,      ,   0.0, 3DDiff, 3704,      ,     38, 104.0,     59
2022-09-05, 06:39:09,  +00:00,       ,   37.9800835,   23.3782787,  -139.8, 29.91,     0.2,  25.8,   0.00,   3.85,   -2.70,   2.54,   0.05,   0.01,  -0.02, 347.6, 348.8,  28.6,   0.0,  13.90,  12.74,     1.24,    66.79,   86.00,   79.92, 1144.0,    0.14,         ,          ,        ,          ,       ,        ,   121.5,   0,  GPS,  317.8, 110.90, 116.20, 130.875, 121.500,       ,       ,       ,      ,       ,       ,    4.9,      0,  NONE,   NONE,      ,      ,  -3.9, 3DDiff, 3704,      ,     38, 104.0,     59
2022-09-05, 06:39:10,  +00:00,       ,   37.9800987,   23.3782749,  -139.8, 29.91,     0.1,  25.8,   0.00,   4.08,   -1.07,   3.18,   0.19,   0.03,  -0.01, 346.2, 347.6,  28.7,   0.0,  13.90,  12.83,     1.16,    66.93,   86.00,   78.68, 1088.0,    0.14,         ,          ,        ,          ,       ,        ,   121.4,   0,  GPS,  317.8, 110.90, 116.20, 130.875, 121.500,       ,       ,       ,      ,       ,       ,    4.9,      0,  NONE,   NONE,      ,      ,  -3.9, 3DDiff, 3704,      ,     38, 104.0,     59
2022-09-05, 06:39:11,  +00:00,       ,   37.9801254,   23.3782711,  -139.8, 29.91,     0.2,  25.8,   0.00,   4.08,   -0.40,   2.67,   0.20,   0.04,  -0.01, 346.4, 346.7,  28.6,   0.0,  13.90,  12.87,     1.11,    66.43,   86.00,   78.32, 1063.0,    0.13,         ,          ,        ,          ,       ,        ,   121.5,   0,  GPS,  317.8, 110.90, 116.20, 130.875, 121.500,       ,       ,       ,      ,       ,       ,    4.9,      0,  NONE,   NONE,      ,      ,   3.9, 3DDiff, 3704,      ,     38, 104.0,     59
2022-09-05, 06:39:12,  +00:00,       ,   37.9801407,   23.3782692,  -139.8, 29.91,     0.0,  25.8,   0.00,   4.14,   -3.20,   2.86,   0.16,   0.02,  -0.04, 346.1, 346.7,  28.7,   0.0,  13.91,  12.87,     1.11,    66.64,   86.00,   77.89, 1052.0,    0.13,         ,          ,        ,          ,       ,        ,   121.4,   0,  GPS,  317.8, 110.90, 116.20, 130.875, 121.500,       ,       ,       ,      ,       ,       ,    4.9,      0,  NONE,   NONE,      ,      ,  -3.9, 3DDiff, 3704,      ,     38, 104.0,     59
2022-09-05, 06:39:13,  +00:00,       ,   37.9801598,   23.3782635,  -139.8, 29.91,     0.0,  25.8,   0.00,   4.12,   -5.39,   3.04,   0.20,   0.02,  -0.02, 346.3, 346.4,  28.7,   0.0,  13.91,  12.90,     1.08,    66.72,   86.00,   77.38, 1047.0,    0.13,         ,          ,        ,          ,       ,        ,   121.4,   0,  GPS,  317.8, 110.90, 116.20, 130.875, 121.500,       ,       ,       ,      ,       ,       ,    4.9,      0,  NONE,   NONE,      ,      ,   0.0, 3DDiff, 3704,      ,     38, 104.0,     59
2022-09-05, 06:39:14,  +00:00,       ,   37.9801750,   23.3782597,  -138.8, 29.91,     0.1,  25.8,   0.00,   4.16,    1.57,   2.82,   0.33,   0.03,  -0.04, 346.0, 346.2,  28.7,   0.0,  13.91,  12.92,     1.11,    66.93,   86.00,   77.16, 1053.0,    0.13,         ,          ,        ,          ,       ,        ,   121.4,   0,  GPS,  317.8, 110.90, 116.20, 130.875, 121.500,       ,       ,       ,      ,       ,       ,    4.9,      0,  NONE,   NONE,      ,      ,   0.0, 3DDiff, 3704,      ,     38, 104.0,     59
2022-09-05, 06:39:15,  +00:00,       ,   37.9801979,   23.3782578,  -138.8, 29.91,    -0.2,  25.8,   0.00,   4.18,   13.76,   2.91,   0.23,   0.02,   0.01, 346.5, 345.9,  28.7,   0.0,  13.91,  12.93,     1.08,    66.64,   86.00,   77.02, 1047.0,    0.13,         ,          ,        ,          ,       ,        ,   121.1,   0,  GPS,  317.8, 110.90, 116.20, 130.875, 121.500,       ,       ,       ,      ,       ,       ,    4.9,      0,  NONE,   NONE,      ,      ,   0.0, 3DDiff, 3704,      ,     38, 104.0,     59
2022-09-05, 06:39:16,  +00:00,       ,   37.9802170,   23.3782520,  -139.8, 29.91,    -0.2,  25.8,   0.00,   4.06,   13.48,   2.79,   0.16,  -0.00,   0.01, 347.4, 346.8,  28.6,   0.0,  13.90,  12.93,     1.11,    67.15,   86.00,   77.09, 1046.0,    0.13,         ,          ,        ,          ,       ,        ,   121.1,   0,  GPS,  317.8, 110.90, 116.20, 130.875, 121.500,       ,       ,       ,      ,       ,       ,    4.9,      0,  NONE,   NONE,      ,      ,   0.0, 3DDiff, 3704,      ,     38, 104.0,     59
2022-09-05, 06:39:17,  +00:00,       ,   37.9802399,   23.3782501,  -138.8, 29.91,    -0.1,  25.8,   0.00,   4.20,    7.10,   3.37,   0.11,   0.00,  -0.01, 348.8, 348.2,  28.7,   0.0,  13.90,  12.93,     1.11,    66.64,   86.00,   77.02, 1050.0,    0.13,         ,          ,        ,          ,       ,        ,   121.3,   0,  GPS,  317.8, 110.90, 116.20, 130.875, 121.500,       ,       ,       ,      ,       ,       ,    4.9,      0,  NONE,   NONE,      ,      ,  -3.9, 3DDiff, 3704,      ,     38, 104.0,     59
2022-09-05, 06:39:18,  +00:00,       ,   37.9802628,   23.3782482,  -139.8, 29.91,    -0.0,  25.8,   0.00,   4.59,    0.69,   2.75,   0.00,   0.01,  -0.06, 349.8, 349.8,  28.7,   0.0,  13.90,  12.95,     1.11,    66.72,   86.00,   77.31, 1053.0,    0.13,         ,          ,        ,          ,       ,        ,   121.3,   0,  GPS,  317.8, 110.90, 116.20, 130.875, 121.500,       ,       ,       ,      ,       ,       ,    4.9,      0,  NONE,   NONE,      ,      ,   0.0, 3DDiff, 3704,      ,     38, 104.0,     59
2022-09-05, 06:39:19,  +00:00,       ,   37.9802818,   23.3782444,  -139.8, 29.91,     0.2,  25.8,   0.00,   4.74,   -6.23,   2.77,  -0.13,  -0.02,   0.05, 348.7, 350.5,  28.6,   0.0,  13.90,  12.95,     1.11,    66.79,   86.00,   77.31, 1051.0,    0.13,         ,          ,        ,          ,       ,        ,   121.5,   0,  GPS,  317.8, 110.90, 116.20, 130.875, 121.500,       ,       ,       ,      ,       ,       ,    4.9,      0,  NONE,   NONE,      ,      ,   0.0, 3DDiff, 3704,      ,     38, 104.0,     59
2022-09-05, 06:39:20,  +00:00,       ,   37.9803009,   23.3782425,  -139.8, 29.91,     0.1,  25.8,   0.00,   4.63,   -4.43,   2.43,   0.02,   0.01,  -0.02, 349.1, 349.1,  28.7,   0.0,  13.90,  12.96,     1.11,    66.93,   86.00,   76.87, 1054.0,    0.13,         ,          ,        ,          ,       ,        ,   121.5,   0,  GPS,  317.8, 110.90, 116.20, 130.875, 121.500,       ,       ,       ,      ,       ,       ,    4.9,      0,  NONE,   NONE,      ,      ,   0.0, 3DDiff, 3704,      ,     38, 104.0,     59
2022-09-05, 06:39:21,  +00:00,       ,   37.9803276,   23.3782406,  -139.8, 29.91,    -0.3,  25.8,   0.00,   4.65,   -3.31,   2.78,   0.03,   0.02,  -0.03, 349.4, 349.3,  28.7,   0.0,  13.90,  12.97,     1.11,    66.35,   86.00,   77.09, 1055.0,    0.13,         ,          ,        ,          ,       ,        ,   121.0,   0,  GPS,  317.8, 110.90, 116.20, 130.875, 121.500,       ,       ,       ,      ,       ,       ,    4.9,      0,  NONE,   NONE,      ,      ,  -3.9, 3DDiff, 3704,      ,     38, 104.0,     59
2022-09-05, 06:39:22,  +00:00,       ,   37.9803467,   23.3782368,  -138.8, 29.91,    -0.4,  25.8,   0.00,   4.72,   -5.10,   2.49,   0.05,   0.01,  -0.07, 349.1, 349.4,  28.6,   0.0,  13.90,  12.99,     1.11,    66.50,   86.00,   77.09, 1062.0,    0.13,         ,          ,        ,          ,       ,        ,   120.9,   0,  GPS,  317.8, 110.90, 116.20, 130.875, 121.500,       ,       ,       ,      ,       ,       ,    4.9,      0,  NONE,   NONE,      ,      ,   0.0, 3DDiff, 3704,      ,     38, 104.0,     59
2022-09-05, 06:39:23,  +00:00,       ,   37.9803696,   23.3782349,  -138.8, 29.91,    -0.2,  25.8,   0.00,   4.72,    3.57,   2.80,  -0.02,  -0.01,  -0.03, 349.4, 349.3,  28.6,   0.0,  13.90,  13.01,     1.11,    66.79,   86.00,   77.23, 1059.0,    0.13,         ,          ,        ,          ,       ,        ,   121.2,   0,  GPS,  317.8, 110.90, 116.20, 130.875, 121.500,       ,       ,       ,      ,       ,       ,    4.9,      0,  NONE,   NONE,      ,      ,   0.0, 3DDiff, 3704,      ,     38, 104.0,     59
2022-09-05, 06:39:24,  +00:00,       ,   37.9803925,   23.3782291,  -138.8, 29.91,    -0.3,  25.8,   0.00,   4.88,    8.61,   2.61,   0.02,  -0.02,  -0.01, 349.9, 349.7,  28.6,   0.0,  13.90,  13.03,     1.11,    66.79,   86.00,   76.65, 1060.0,    0.13,         ,          ,        ,          ,       ,        ,   121.1,   0,  GPS,  317.8, 110.90, 116.20, 130.875, 121.500,       ,       ,       ,      ,       ,       ,    4.9,      0,  NONE,   NONE,      ,      ,  -3.9, 3DDiff, 3704,      ,     38, 104.0,     59
2022-09-05, 06:39:25,  +00:00,       ,   37.9804153,   23.3782291,  -139.8, 29.91,    -0.1,  25.8,   0.00,   4.94,    5.38,   3.07,  -0.11,   0.03,  -0.03, 350.3, 350.4,  28.6,   0.0,  13.90,  13.03,     0.82,    67.22,   86.00,   76.43,  966.0,    0.09,         ,          ,        ,          ,       ,        ,   121.2,   0,  GPS,  317.8, 110.90, 116.20, 130.875, 121.500,       ,       ,       ,      ,       ,       ,    4.9,      0,  NONE,   NONE,      ,      ,  -3.9, 3DDiff, 3704,      ,     38, 104.0,     59
2022-09-05, 06:39:26,  +00:00,       ,   37.9804344,   23.3782272,  -138.8, 29.91,    -0.1,  25.8,   0.00,   5.11,    0.06,   2.76,  -0.07,  -0.01,  -0.00, 350.0, 350.6,  28.7,   0.0,  13.90,  13.04,     0.82,    67.01,   86.00,   74.33,  893.0,    0.09,         ,          ,        ,          ,       ,        ,   121.2,   0,  GPS,  317.8, 110.90, 116.20, 130.875, 121.500,       ,       ,       ,      ,       ,       ,    4.9,      0,  NONE,   NONE,      ,      ,  -3.9, 3DDiff, 3704,      ,     38, 104.0,     59
2022-09-05, 06:39:27,  +00:00,       ,   37.9804573,   23.3782253,  -138.8, 29.91,    -0.7,  25.8,   0.00,   5.21,   -0.66,   3.14,   0.16,   0.00,   0.00, 349.8, 350.6,  28.7,   0.0,  13.90,  13.04,     0.82,    67.08,   86.00,   72.88,  893.0,    0.09,         ,          ,        ,          ,       ,        ,   120.6,   0,  GPS,  317.8, 110.90, 116.20, 130.875, 121.500,       ,       ,       ,      ,       ,       ,    4.9,      0,  NONE,   NONE,      ,      ,  -3.9, 3DDiff, 3704,      ,     38, 104.0,     59
2022-09-05, 06:39:28,  +00:00,       ,   37.9804878,   23.3782215,  -138.8, 29.91,    -0.8,  25.8,   0.00,   5.13,   -0.41,   2.92,   0.04,   0.01,   0.03, 349.7, 350.2,  28.7,   0.0,  13.90,  13.04,     0.82,    67.22,   87.80,   72.01,  888.0,    0.09,         ,          ,        ,          ,       ,        ,   120.5,   0,  GPS,  317.8, 110.90, 116.20, 130.875, 121.500,       ,       ,       ,      ,       ,       ,    4.9,      0,  NONE,   NONE,      ,      ,   0.0, 3DDiff, 3704,      ,     38, 104.0,     59
2022-09-05, 06:39:29,  +00:00,       ,   37.9805069,   23.3782177,  -138.8, 29.91,    -1.0,  25.8,   0.00,   4.67,   -0.03,   3.13,  -0.11,   0.01,   0.04, 347.6, 349.3,  28.7,   0.0,  13.90,  13.05,     0.79,    67.15,   87.80,   70.71,  891.0,    0.09,         ,          ,        ,          ,       ,        ,   120.4,   0,  GPS,  317.8, 110.90, 116.20, 130.875, 121.500,       ,       ,       ,      ,       ,       ,    4.9,      0,  NONE,   NONE,      ,      ,  -3.9, 3DDiff, 3704,      ,     38, 104.0,     59
2022-09-05, 06:39:30,  +00:00,       ,   37.9805260,   23.3782139,  -137.8, 29.91,    -1.0,  25.8,   0.00,   4.43,    6.99,   2.76,  -0.08,   0.00,  -0.03, 345.9, 347.6,  28.7,   0.0,  13.90,  13.06,     0.79,    67.30,   87.80,   70.42,  884.0,    0.09,         ,          ,        ,          ,       ,        ,   120.3,   0,  GPS,  317.8, 110.90, 116.20, 130.875, 121.500,       ,       ,       ,      ,       ,       ,    4.9,      0,  NONE,   NONE,      ,      ,   0.0, 3DDiff, 3704,      ,     38, 104.0,     59
2022-09-05, 06:39:31,  +00:00,       ,   37.9805450,   23.3782120,  -137.8, 29.91,    -0.8,  25.8,   0.00,   4.16,   13.40,   2.57,  -0.11,   0.02,  -0.02, 342.2, 345.7,  28.7,   0.0,  13.90,  13.09,     0.82,    67.59,   87.80,   70.56,  895.0,    0.09,         ,          ,        ,          ,       ,        ,   120.6,   0,  GPS,  317.8, 110.90, 116.20, 130.875, 121.500,       ,       ,       ,      ,       ,       ,    4.9,      0,  NONE,   NONE,      ,      ,  -3.9, 3DDiff, 3704,      ,     38, 104.0,     59
2022-09-05, 06:39:32,  +00:00,       ,   37.9805565,   23.3782063,  -137.8, 29.91,    -0.9,  25.8,   0.00,   3.63,   15.25,   2.91,  -0.13,   0.00,   0.01, 336.5, 341.3,  28.7,   0.0,  13.90,  13.10,     0.95,    67.30,   87.80,   71.65,  935.0,    0.12,         ,          ,        ,          ,       ,        ,   120.4,   0,  GPS,  317.8, 110.90, 116.20, 130.875, 121.500,       ,       ,       ,      ,       ,       ,    4.9,      0,  NONE,   NONE,      ,      ,  -3.9, 3DDiff, 3704,      ,     38, 104.0,     59
2022-09-05, 06:39:33,  +00:00,       ,   37.9805756,   23.3781986,  -137.8, 29.91,    -0.9,  25.8,   0.00,   3.58,   12.04,   2.79,   0.07,  -0.01,   0.02, 330.8, 335.6,  28.7,   0.0,  13.90,  13.11,     1.03,    67.15,   87.80,   74.26, 1021.0,    0.13,         ,          ,        ,          ,       ,        ,   120.4,   0,  GPS,  317.8, 110.90, 116.20, 130.875, 121.500,       ,       ,       ,      ,       ,       ,    4.9,      0,  NONE,   NONE,      ,      ,   0.0, 3DDiff, 3704,      ,     38, 104.0,     59
2022-09-05, 06:39:34,  +00:00,       ,   37.9805908,   23.3781891,  -137.8, 29.91,    -1.1,  25.8,   0.00,   3.79,    6.00,   2.85,   0.30,  -0.01,   0.01, 325.3, 330.0,  28.6,   0.0,  13.90,  13.11,     1.06,    66.86,   87.80,   75.71, 1044.0,    0.13,         ,          ,        ,          ,       ,        ,   120.3,   0,  GPS,  317.8, 110.90, 116.20, 130.875, 121.500,       ,       ,       ,      ,       ,       ,    4.9,      0,  NONE,   NONE,      ,      ,  -3.9, 3DDiff, 3704,      ,     38, 104.0,     59
2022-09-05, 06:39:35,  +00:00,       ,   37.9806099,   23.3781757,  -138.8, 29.91,    -1.0,  25.5,   0.00,   3.93,    0.47,   3.00,   0.18,  -0.00,  -0.03, 319.1, 323.9,  28.6,   0.0,  13.90,  13.09,     1.06,    67.15,   87.80,   76.65, 1039.0,    0.13,         ,          ,        ,          ,       ,        ,   120.3,   0,  GPS,  317.8, 110.90, 116.20, 130.875, 121.500,       ,       ,       ,      ,       ,       ,    4.9,      0,  NONE,   NONE,      ,      ,   0.0, 3DDiff, 3704,      ,     38, 104.0,     59
2022-09-05, 06:39:36,  +00:00,       ,   37.9806213,   23.3781624,  -137.8, 29.91,    -1.1,  25.5,   0.00,   4.08,   -2.46,   2.90,   0.19,  -0.02,   0.00, 312.1, 317.8,  28.6,   0.0,  13.90,  13.03,     1.06,    67.15,   87.80,   76.65, 1040.0,    0.13,         ,          ,        ,          ,       ,        ,   120.2,   0,  GPS,  317.8, 110.90, 116.20, 130.875, 121.500,       ,       ,       ,      ,       ,       ,    4.9,      0,  NONE,   NONE,      ,      ,  -3.9, 3DDiff, 3704,      ,     38, 104.0,     59
2022-09-05, 06:39:37,  +00:00,       ,   37.9806328,   23.3781452,  -136.8, 29.91,    -1.1,  25.5,   0.00,   4.14,   12.76,   3.05,   0.23,  -0.02,  -0.02, 305.1, 310.8,  28.6,   0.0,  13.90,  12.96,     1.06,    67.44,   87.80,   76.72, 1032.0,    0.13,         ,          ,        ,          ,       ,        ,   120.3,   0,  GPS,  317.8, 110.90, 116.20, 130.875, 121.500,       ,       ,       ,      ,       ,       ,    4.9,      0,  NONE,   NONE,      ,      ,   0.0, 3DDiff, 3704,      ,     38, 104.0,     59
2022-09-05, 06:39:38,  +00:00,       ,   37.9806480,   23.3781261,  -136.8, 29.91,    -1.1,  25.5,   0.00,   4.20,   22.02,   3.46,  -0.05,  -0.02,   0.01, 297.9, 303.2,  28.6,   0.0,  13.90,  12.86,     1.06,    67.37,   87.80,   76.58, 1031.0,    0.13,         ,          ,        ,          ,       ,        ,   120.3,   0,  GPS,  317.8, 110.90, 116.20, 130.875, 121.500,       ,       ,       ,      ,       ,       ,    4.9,      0,  NONE,   NONE,      ,      ,   0.0, 3DDiff, 3704,      ,     38, 104.0,     59
2022-09-05, 06:39:39,  +00:00,       ,   37.9806557,   23.3781013,  -137.8, 29.91,    -1.1,  25.5,   0.00,   4.30,   14.87,   3.59,  -0.07,  -0.06,   0.01, 290.0, 296.2,  28.6,   0.0,  13.90,  12.61,     1.06,    67.59,   87.80,   76.29, 1028.0,    0.13,         ,          ,        ,          ,       ,        ,   120.3,   0,  GPS,  317.8, 110.90, 116.20, 130.875, 121.500,       ,       ,       ,      ,       ,       ,    4.9,      0,  NONE,   NONE,      ,      ,   0.0, 3DDiff, 3704,      ,     38, 104.0,     59
2022-09-05, 06:39:40,  +00:00,       ,   37.9806633,   23.3780804,  -137.8, 29.91,    -1.1,  25.5,   0.00,   4.30,    2.05,   3.50,  -0.08,  -0.04,  -0.03, 283.0, 289.2,  28.6,   0.0,  13.90,  12.47,     1.03,    66.86,   87.80,   76.00, 1016.0,    0.13,         ,          ,        ,          ,       ,        ,   120.3,   0,  GPS,  317.8, 110.90, 116.20, 130.875, 121.500,       ,       ,       ,      ,       ,       ,    4.9,      0,  NONE,   NONE,      ,      ,   0.0, 3DDiff, 3704,      ,     38, 104.0,     59
2022-09-05, 06:39:41,  +00:00,       ,   37.9806671,   23.3780537,  -136.8, 29.91,    -1.0,  25.5,   0.00,   4.53,    1.14,   3.27,  -0.09,  -0.01,  -0.03, 276.1, 281.3,  28.6,   0.0,  13.90,  12.47,     1.00,    67.44,   87.80,   75.78, 1002.0,    0.12,         ,          ,        ,          ,       ,        ,   120.3,   0,  GPS,  317.8, 110.90, 116.20, 130.875, 121.500,       ,       ,       ,      ,       ,       ,    4.9,      0,  NONE,   NONE,      ,      ,   0.0, 3DDiff, 3704,      ,     38, 104.0,     59
2022-09-05, 06:39:42,  +00:00,       ,   37.9806709,   23.3780270,  -137.8, 29.91,    -1.0,  25.5,   0.00,   4.86,    7.80,   3.30,   0.02,  -0.01,   0.01, 269.3, 274.4,  28.6,   0.0,  13.90,  12.34,     1.00,    67.01,   87.80,   75.42,  991.0,    0.12,         ,          ,        ,          ,       ,        ,   120.3,   0,  GPS,  317.8, 110.90, 116.20, 130.875, 121.500,       ,       ,       ,      ,       ,       ,    4.9,      0,  NONE,   NONE,      ,      ,   0.0, 3DDiff, 3704,      ,     38, 104.0,     59
2022-09-05, 06:39:43,  +00:00,       ,   37.9806786,   23.3779945,  -138.8, 29.91,    -1.1,  25.5,   0.00,   5.03,   -7.70,   3.07,   0.00,  -0.02,  -0.01, 264.3, 267.6,  28.7,   0.0,  13.90,  12.22,     1.00,    66.93,   87.80,   74.84,  984.0,    0.12,         ,          ,        ,          ,       ,        ,   120.3,   0,  GPS,  317.8, 110.90, 116.20, 130.875, 121.500,       ,       ,       ,      ,       ,       ,    4.9,      0,  NONE,   NONE,      ,      ,   3.9, 3DDiff, 3704,      ,     38, 104.0,     59
2022-09-05, 06:39:44,  +00:00,       ,   37.9806709,   23.3779678,  -138.8, 29.91,    -1.0,  25.5,   0.00,   4.82,  -19.68,   3.52,  -0.01,  -0.01,   0.04, 261.9, 263.4,  28.7,   0.0,  13.90,  12.12,     1.00,    67.30,   87.80,   74.84,  985.0,    0.12,         ,          ,        ,          ,       ,        ,   120.3,   0,  GPS,  317.8, 110.90, 116.20, 130.875, 121.500,       ,       ,       ,      ,       ,       ,    4.9,      0,  NONE,   NONE,      ,      ,   0.0, 3DDiff, 3704,      ,     38, 104.0,     59
2022-09-05, 06:39:45,  +00:00,       ,   37.9806709,   23.3779392,  -137.8, 29.91,    -1.0,  25.5,   0.00,   4.86,  -14.41,   3.10,   0.04,  -0.00,  -0.04, 259.9, 261.3,  28.6,   0.0,  13.90,  12.04,     1.00,    67.22,   89.60,   74.91,  987.0,    0.12,         ,          ,        ,          ,       ,        ,   120.3,   0,  GPS,  317.8, 110.90, 116.20, 130.875, 121.500,       ,       ,       ,      ,       ,       ,    4.9,      0,  NONE,   NONE,      ,      ,   0.0, 3DDiff, 3704,      ,     38, 104.0,     59
2022-09-05, 06:39:46,  +00:00,       ,   37.9806671,   23.3779125,  -137.8, 29.91,    -1.0,  25.5,   0.00,   4.68,   -0.91,   3.11,   0.04,  -0.00,   0.02, 259.2, 260.0,  28.6,   0.0,  13.90,  12.07,     1.00,    67.37,   89.60,   74.98,  986.0,    0.12,         ,          ,        ,          ,       ,        ,   120.3,   0,  GPS,  317.8, 110.90, 116.20, 130.875, 121.500,       ,       ,       ,      ,       ,       ,    4.9,      0,  NONE,   NONE,      ,      ,   0.0, 3DDiff, 3704,      ,     38, 104.0,     59
2022-09-05, 06:39:47,  +00:00,       ,   37.9806671,   23.3778877,  -136.8, 29.91,    -1.0,  25.8,   0.00,   4.59,    8.23,   3.23,  -0.09,  -0.02,   0.02, 259.2, 259.7,  28.6,   0.0,  13.90,  12.07,     1.00,    67.37,   89.60,   74.69,  992.0,    0.12,         ,          ,        ,          ,       ,        ,   120.3,   0,  GPS,  317.8, 110.90, 116.20, 130.875, 121.500,       ,       ,       ,      ,       ,       ,    4.9,      0,  NONE,   NONE,      ,      ,   0.0, 3DDiff, 3704,      ,     38, 104.0,     59
2022-09-05, 06:39:48,  +00:00,       ,   37.9806671,   23.3778572,  -137.8, 29.91,    -1.0,  25.8,   0.00,   4.74,   18.07,   3.48,  -0.18,  -0.01,   0.02, 259.3, 259.6,  28.6,   0.0,  13.90,  12.18,     1.03,    67.22,   89.60,   75.13, 1005.0,    0.12,         ,          ,        ,          ,       ,        ,   120.4,   0,  GPS,  317.8, 110.90, 116.20, 130.875, 121.500,       ,       ,       ,      ,       ,       ,    4.9,      0,  NONE,   NONE,      ,      ,   0.0, 3DDiff, 3704,      ,     38, 104.0,     59
2022-09-05, 06:39:49,  +00:00,       ,   37.9806595,   23.3778286,  -136.8, 29.91,    -0.9,  25.8,   0.00,   4.94,   15.22,   3.39,  -0.27,   0.03,  -0.04, 259.1, 259.5,  28.6,   0.0,  13.90,  12.30,     1.03,    67.37,   89.60,   75.42, 1023.0,    0.13,         ,          ,        ,          ,       ,        ,   120.4,   0,  GPS,  317.8, 110.90, 116.20, 130.875, 121.500,       ,       ,       ,      ,       ,       ,    4.9,      0,  NONE,   NONE,      ,      ,   0.0, 3DDiff, 3704,      ,     38, 104.0,     59
2022-09-05, 06:39:50,  +00:00,       ,   37.9806595,   23.3778000,  -136.8, 29.91,    -0.7,  25.8,   0.00,   5.00,   18.68,   3.34,  -0.21,  -0.01,   0.02, 258.9, 260.1,  28.6,   0.0,  13.90,  12.42,     1.03,    67.30,   89.60,   75.42, 1011.0,    0.13,         ,          ,        ,          ,       ,        ,   120.7,   0,  GPS,  317.8, 110.90, 116.20, 130.875, 121.500,       ,       ,       ,      ,       ,       ,    4.9,      0,  NONE,   NONE,      ,      ,   7.9, 3DDiff, 3704,      ,     38, 104.0,     59
2022-09-05, 06:39:51,  +00:00,       ,   37.9806557,   23.3777714,  -138.8, 29.91,    -0.6,  25.8,   0.00,   5.11,   -0.54,   3.45,  -0.30,   0.00,  -0.05, 259.1, 259.1,  28.6,   0.0,  13.90,  12.51,     1.03,    67.30,   89.60,   75.49, 1011.0,    0.13,         ,          ,        ,          ,       ,        ,   120.7,   0,  GPS,  317.8, 110.90, 116.20, 130.875, 121.500,       ,       ,       ,      ,       ,       ,    4.9,      0,  NONE,   NONE,      ,      ,   0.0, 3DDiff, 3704,      ,     38, 104.5,     59
2022-09-05, 06:39:52,  +00:00,       ,   37.9806557,   23.3777390,  -137.8, 29.91,    -0.5,  25.8,   0.00,   5.31,   -7.57,   3.52,  -0.30,  -0.00,   0.02, 259.5, 259.0,  28.6,   0.0,  13.90,  12.58,     1.00,    67.22,   89.60,   75.06,  988.0,    0.12,         ,          ,        ,          ,       ,        ,   120.8,   0,  GPS,  317.8, 110.90, 116.20, 130.875, 121.500,       ,       ,       ,      ,       ,       ,    4.9,      0,  NONE,   NONE,      ,      ,   0.0, 3DDiff, 3704,      ,     38, 104.0,     59
2022-09-05, 06:39:53,  +00:00,       ,   37.9806557,   23.3777084,  -139.8, 29.91,    -1.0,  25.8,   0.00,   5.58,  -13.86,   3.37,  -0.24,   0.01,  -0.02, 259.5, 259.2,  28.6,   0.0,  13.90,  12.69,     1.00,    67.01,   89.60,   74.40,  976.0,    0.12,         ,          ,        ,          ,       ,        ,   120.3,   0,  GPS,  317.8, 110.90, 116.20, 130.875, 121.500,       ,       ,       ,      ,       ,       ,    4.9,      0,  NONE,   NONE,      ,      ,   0.0, 3DDiff, 3704,      ,     38, 104.0,     59
2022-09-05, 06:39:54,  +00:00,       ,   37.9806519,   23.3776741,  -139.8, 29.91,    -1.1,  25.8,   0.00,   5.77,  -38.74,   3.45,  -0.29,   0.00,   0.01, 258.8, 259.4,  28.6,   0.0,  13.90,  12.74,     1.00,    67.01,   89.60,   74.48,  991.0,    0.12,         ,          ,        ,          ,       ,        ,   120.2,   0,  GPS,  317.8, 110.90, 116.20, 130.875, 121.500,       ,       ,       ,      ,       ,       ,    4.9,      0,  NONE,   NONE,      ,      ,   0.0, 3DDiff, 3704,      ,     38, 104.0,     59
2022-09-05, 06:39:55,  +00:00,       ,   37.9806442,   23.3776398,  -137.8, 29.91,    -1.1,  25.8,   0.00,   5.97,  -23.51,   3.70,  -0.30,   0.00,  -0.00, 258.9, 258.9,  28.6,   0.0,  13.90,  12.74,     1.03,    67.15,   89.60,   74.84, 1024.0,    0.13,         ,          ,        ,          ,       ,        ,   120.2,   0,  GPS,  317.8, 110.90, 116.20, 130.875, 121.500,       ,       ,       ,      ,       ,       ,    4.9,      0,  NONE,   NONE,      ,      ,   0.0, 3DDiff, 3704,      ,     38, 104.5,     59
2022-09-05, 06:39:56,  +00:00,       ,   37.9806442,   23.3776016,  -138.8, 29.91,    -1.2,  25.8,   0.00,   6.20,   -5.15,   3.38,  -0.02,   0.02,   0.02, 258.9, 258.8,  28.6,   0.0,  13.90,  12.79,     1.03,    67.08,   89.60,   74.98, 1019.0,    0.13,         ,          ,        ,          ,       ,        ,   120.2,   0,  GPS,  317.8, 110.90, 116.20, 130.875, 121.500,       ,       ,       ,      ,       ,       ,    4.9,      0,  NONE,   NONE,      ,      ,   3.9, 3DDiff, 3704,      ,     38, 104.0,     59
2022-09-05, 06:39:57,  +00:00,       ,   37.9806404,   23.3775673,  -136.8, 29.91,    -0.6,  25.8,   0.00,   6.22,   10.63,   3.33,  -0.03,   0.00,  -0.01, 259.5, 258.8,  28.6,   0.0,  13.90,  12.83,     1.03,    67.01,   89.60,   75.20, 1019.0,    0.13,         ,          ,        ,          ,       ,        ,   120.7,   0,  GPS,  317.8, 110.90, 116.20, 130.875, 121.500,       ,       ,       ,      ,       ,       ,    4.9,      0,  NONE,   NONE,      ,      ,   0.0, 3DDiff, 3704,      ,     38, 104.0,     59
2022-09-05, 06:39:58,  +00:00,       ,   37.9806366,   23.3775311,  -136.8, 29.91,    -0.5,  25.8,   0.00,   6.01,   23.98,   3.46,  -0.09,   0.03,   0.03, 259.5, 259.6,  28.6,   0.0,  13.90,  12.87,     1.03,    67.44,   89.60,   75.06, 1025.0,    0.13,         ,          ,        ,          ,       ,        ,   120.8,   0,  GPS,  317.8, 110.90, 116.20, 130.875, 121.500,       ,       ,       ,      ,       ,       ,    4.9,      0,  NONE,   NONE,      ,      ,   0.0, 3DDiff, 3704,      ,     38, 104.0,     59
2022-09-05, 06:39:59,  +00:00,       ,   37.9806366,   23.3774986,  -136.8, 29.91,    -0.3,  25.8,   0.00,   5.77,   24.02,   3.24,  -0.18,  -0.03,   0.01, 255.8, 259.1,  28.6,   0.0,  13.90,  12.90,     1.06,    67.08,   89.60,   74.91, 1028.0,    0.13,         ,          ,        ,          ,       ,        ,   121.0,   0,  GPS,  317.8, 110.90, 116.20, 130.875, 121.500,       ,       ,       ,      ,       ,       ,    4.9,      0,  NONE,   NONE,      ,      ,   0.0, 3DDiff, 3704,      ,     38, 104.5,     59
2022-09-05, 06:40:00,  +00:00,       ,   37.9806290,   23.3774643,  -135.8, 29.91,    -0.2,  25.8,   0.00,   5.60,   27.52,   3.09,  -0.20,  -0.02,   0.03, 251.0, 254.9,  28.6,   0.0,  13.90,  12.93,     1.03,    66.93,   89.60,   74.55, 1017.0,    0.13,         ,          ,        ,          ,       ,        ,   121.2,   0,  GPS,  317.8, 110.90, 116.20, 130.875, 121.500,       ,       ,       ,      ,       ,       ,    4.9,      0,  NONE,   NONE,      ,      ,   3.9, 3DDiff, 3704,      ,     38, 104.0,     58
2022-09-05, 06:40:01,  +00:00,       ,   37.9806213,   23.3774395,  -135.8, 29.91,     1.4,  25.8,   0.00,   5.27,   29.72,   3.16,   0.01,   0.04,  -0.06, 250.0, 250.8,  28.6,   0.0,  13.90,  12.99,     1.03,    66.79,   91.40,   74.69, 1008.0,    0.13,         ,          ,        ,          ,       ,        ,   122.7,   0,  GPS,  317.8, 110.90, 116.20, 130.875, 121.500,       ,       ,       ,      ,       ,       ,    4.9,      0,  NONE,   NONE,      ,      ,   0.0, 3DDiff, 3704,      ,     34,  53.0,     54
2022-09-05, 06:40:02,  +00:00,       ,   37.9806175,   23.3774071,  -134.8, 29.91,    -0.3,  25.8,   0.00,   5.05,   31.90,   2.80,   0.08,  -0.00,   0.03, 249.2, 249.7,  28.6,   0.0,  13.90,  12.99,     1.03,    67.08,   91.40,   74.40, 1004.0,    0.12,         ,          ,        ,          ,       ,        ,   121.0,   0,  GPS,  317.8, 110.90, 116.20, 130.875, 121.500,       ,       ,       ,      ,       ,       ,    4.9,      0,  NONE,   NONE,      ,      ,   3.9, 3DDiff, 3704,      ,     34,  48.5,     52
2022-09-05, 06:40:03,  +00:00,       ,   37.9806137,   23.3773842,  -134.8, 29.91,    -0.3,  25.8,   0.00,   4.55,   29.48,   3.30,   0.04,   0.04,  -0.02, 252.3, 250.1,  28.6,   0.0,  13.90,  12.99,     1.03,    67.30,   91.40,   74.26, 1010.0,    0.13,         ,          ,        ,          ,       ,        ,   121.1,   0,  GPS,  317.8, 110.90, 116.20, 130.875, 121.500,       ,       ,       ,      ,       ,       ,    4.9,      0,  NONE,   NONE,      ,      ,   0.0, 3DDiff, 3704,      ,     34,  48.0,     52
2022-09-05, 06:40:04,  +00:00,       ,   37.9806023,   23.3773594,  -135.8, 29.91,     0.7,  25.8,   0.00,   4.35,   14.93,   3.57,   0.03,   0.00,   0.03, 255.2, 253.5,  28.6,   0.0,  13.90,  12.97,     1.06,    67.01,   91.40,   74.19, 1019.0,    0.13,         ,          ,        ,          ,       ,        ,   122.1,   0,  GPS,  317.8, 110.90, 116.20, 130.875, 121.500,       ,       ,       ,      ,       ,       ,    4.9,      0,  NONE,   NONE,      ,      ,   0.0, 3DDiff, 3704,      ,     34,  48.0,     52
2022-09-05, 06:40:05,  +00:00,       ,   37.9806023,   23.3773327,  -136.8, 29.91,     1.3,  25.8,   0.00,   4.68,   -2.10,   3.52,  -0.05,  -0.00,  -0.02, 256.9, 256.1,  28.6,   0.0,  13.90,  12.96,     1.03,    67.37,   91.40,   74.40, 1023.0,    0.13,         ,          ,        ,          ,       ,        ,   122.6,   0,  GPS,  317.8, 110.90, 116.20, 130.875, 121.500,       ,       ,       ,      ,       ,       ,    4.9,      0,  NONE,   NONE,      ,      ,   0.0, 3DDiff, 3704,      ,     34,  47.5,     52
2022-09-05, 06:40:06,  +00:00,       ,   37.9805984,   23.3773022,  -138.8, 29.91,     1.4,  25.8,   0.00,   5.17,  -29.20,   3.37,  -0.07,   0.02,  -0.00, 260.0, 258.2,  28.6,   0.0,  13.90,  12.94,     1.06,    67.30,   91.40,   75.20, 1049.0,    0.13,         ,          ,        ,          ,       ,        ,   122.7,   0,  GPS,  317.8, 110.90, 116.20, 130.875, 121.500,       ,       ,       ,      ,       ,       ,    4.9,      0,  NONE,   NONE,      ,      ,   3.9, 3DDiff, 3704,      ,     34,  47.5,     52
2022-09-05, 06:40:07,  +00:00,       ,   37.9805984,   23.3772717,  -139.8, 29.91,     0.8,  25.8,   0.00,   5.42,  -55.97,   2.93,  -0.18,  -0.01,   0.02, 260.5, 261.0,  28.6,   0.0,  13.90,  12.94,     1.06,    67.22,   91.40,   75.20, 1047.0,    0.13,         ,          ,        ,          ,       ,        ,   122.1,   0,  GPS,  317.8, 110.90, 116.20, 130.875, 121.500,       ,       ,       ,      ,       ,       ,    4.9,      0,  NONE,   NONE,      ,      ,   0.0, 3DDiff, 3704,      ,     34,  47.5,     52
2022-09-05, 06:40:08,  +00:00,       ,   37.9805946,   23.3772392,  -137.8, 29.91,     0.8,  25.8,   0.00,   5.21,  -55.41,   3.08,  -0.24,  -0.02,   0.01, 258.5, 260.4,  28.6,   0.0,  13.90,  12.97,     1.06,    66.86,   91.40,   75.20, 1028.0,    0.13,         ,          ,        ,          ,       ,        ,   122.2,   0,  GPS,  317.8, 110.90, 116.20, 130.875, 121.500,       ,       ,       ,      ,       ,       ,    4.9,      0,  NONE,   NONE,      ,      ,   0.0, 3DDiff, 3704,      ,     34,  47.5,     52
2022-09-05, 06:40:09,  +00:00,       ,   37.9805946,   23.3772106,  -133.8, 29.91,     1.0,  25.8,   0.00,   5.42,    3.08,   3.10,  -0.15,   0.01,  -0.01, 257.7, 258.4,  28.6,   0.0,  13.90,  12.97,     1.06,    67.22,   91.40,   74.77, 1028.0,    0.13,         ,          ,        ,          ,       ,        ,   122.3,   0,  GPS,  317.8, 110.90, 116.20, 130.875, 121.500,       ,       ,       ,      ,       ,       ,    4.9,      0,  NONE,   NONE,      ,      ,   0.0, 3DDiff, 3704,      ,     34,  47.0,     52
2022-09-05, 06:40:10,  +00:00,       ,   37.9805908,   23.3771744,  -136.8, 29.91,     1.2,  25.8,   0.00,   5.64,   38.32,   3.02,  -0.13,   0.00,   0.00, 257.5, 257.6,  28.6,   0.0,  13.90,  13.03,     1.06,    67.30,   91.40,   74.55, 1033.0,    0.13,         ,          ,        ,          ,       ,        ,   122.5,   0,  GPS,  317.8, 110.90, 116.20, 130.875, 121.500,       ,       ,       ,      ,       ,       ,    4.9,      0,  NONE,   NONE,      ,      ,   3.9, 3DDiff, 3704,      ,     34,  47.0,     52
2022-09-05, 06:40:11,  +00:00,       ,   37.9805870,   23.3771420,  -135.8, 29.91,     1.9,  25.8,   0.00,   5.79,   28.53,   3.12,  -0.29,  -0.03,  -0.02, 256.9, 257.1,  28.6,   0.0,  13.90,  13.03,     1.06,    67.30,   91.40,   74.77, 1042.0,    0.13,         ,          ,        ,          ,       ,        ,   123.3,   0,  GPS,  317.8, 110.90, 116.20, 130.875, 121.500,       ,       ,       ,      ,       ,       ,    4.9,      0,  NONE,   NONE,      ,      ,   3.9, 3DDiff, 3704,      ,     34,  47.0,     52
2022-09-05, 06:40:12,  +00:00,       ,   37.9805832,   23.3771095,  -135.8, 29.91,     2.0,  25.8,   0.00,   6.05,   18.23,   3.27,  -0.31,   0.01,   0.04, 257.1, 256.7,  28.6,   0.0,  13.90,  13.04,     1.06,    67.01,   91.40,   74.69, 1032.0,    0.13,         ,          ,        ,          ,       ,        ,   123.4,   0,  GPS,  317.8, 110.90, 116.20, 130.875, 121.500,       ,       ,       ,      ,       ,       ,    4.9,      0,  NONE,   NONE,      ,      ,   0.0, 3DDiff, 3704,      ,     34,  47.0,     52
2022-09-05, 06:40:13,  +00:00,       ,   37.9805794,   23.3770733,  -135.8, 29.91,     2.3,  25.8,   0.00,   6.05,   10.01,   3.42,  -0.33,   0.01,   0.03, 257.7, 257.1,  28.6,   0.0,  13.90,  13.03,     1.03,    67.37,   91.40,   74.11, 1020.0,    0.13,         ,          ,        ,          ,       ,        ,   123.6,   0,  GPS,  317.8, 110.90, 116.20, 130.875, 121.500,       ,       ,       ,      ,       ,       ,    4.9,      0,  NONE,   NONE,      ,      ,   0.0, 3DDiff, 3704,      ,     34,  47.0,     52
2022-09-05, 06:40:14,  +00:00,       ,   37.9805717,   23.3770370,  -135.8, 29.91,     2.3,  25.8,   0.00,   6.28,    3.94,   3.05,  -0.22,   0.03,  -0.01, 257.3, 257.6,  28.6,   0.0,  13.90,  13.02,     1.03,    67.88,   93.20,   74.26, 1021.0,    0.13,         ,          ,        ,          ,       ,        ,   123.6,   0,  GPS,  317.8, 110.90, 116.20, 130.875, 121.500,       ,       ,       ,      ,       ,       ,    4.9,      0,  NONE,   NONE,      ,      ,   0.0, 3DDiff, 3704,      ,     34,  47.0,     52
2022-09-05, 06:40:15,  +00:00,       ,   37.9805679,   23.3769989,  -137.8, 29.91,     1.8,  25.8,   0.00,   6.41,   -8.40,   3.05,  -0.25,   0.05,  -0.00, 258.0, 257.6,  28.6,   0.0,  13.90,  13.01,     0.98,    67.37,   93.20,   73.90, 1016.0,    0.12,         ,          ,        ,          ,       ,        ,   123.1,   0,  GPS,  317.8, 110.90, 116.20, 130.875, 121.500,       ,       ,       ,      ,       ,       ,    4.9,      0,  NONE,   NONE,      ,      ,   0.0, 3DDiff, 3704,      ,     34,  47.0,     52
2022-09-05, 06:40:16,  +00:00,       ,   37.9805641,   23.3769608,  -135.8, 29.91,     1.8,  25.8,   0.00,   6.40,  -11.30,   3.47,  -0.34,  -0.00,   0.02, 258.0, 258.2,  28.6,   0.0,  13.90,  13.04,     0.95,    67.52,   93.20,   73.17,  989.0,    0.11,         ,          ,        ,          ,       ,        ,   123.1,   0,  GPS,  317.8, 110.90, 116.20, 130.875, 121.500,       ,       ,       ,      ,       ,       ,    4.9,      0,  NONE,   NONE,      ,      ,   0.0, 3DDiff, 3704,      ,     34,  47.0,     52
2022-09-05, 06:40:17,  +00:00,       ,   37.9805641,   23.3769245,  -135.8, 29.91,     1.9,  25.8,   0.00,   6.49,    4.62,   3.05,  -0.35,   0.03,  -0.03, 258.3, 258.4,  28.6,   0.0,  13.90,  13.06,     0.95,    67.15,   93.20,   72.52,  988.0,    0.11,         ,          ,        ,          ,       ,        ,   123.3,   0,  GPS,  317.8, 110.90, 116.20, 130.875, 121.500,       ,       ,       ,      ,       ,       ,    4.9,      0,  NONE,   NONE,      ,      ,   3.9, 3DDiff, 3704,      ,     34,  47.0,     52
2022-09-05, 06:40:18,  +00:00,       ,   37.9805565,   23.3768864,  -134.8, 29.91,     1.9,  25.8,   0.00,   6.36,   15.77,   3.01,  -0.32,   0.00,  -0.03, 258.7, 258.6,  28.6,   0.0,  13.90,  13.06,     0.95,    67.37,   93.20,   72.01,  980.0,    0.11,         ,          ,        ,          ,       ,        ,   123.2,   0,  GPS,  317.8, 110.90, 116.20, 130.875, 121.500,       ,       ,       ,      ,       ,       ,    4.9,      0,  NONE,   NONE,      ,      ,   0.0, 3DDiff, 3704,      ,     34,  47.0,     52
2022-09-05, 06:40:19,  +00:00,       ,   37.9805565,   23.3768501,  -135.8, 29.91,     1.9,  26.0,   0.00,   6.26,   17.29,   3.09,  -0.26,   0.02,  -0.04, 259.0, 259.2,  28.6,   0.0,  13.90,  13.09,     0.95,    67.30,   93.20,   71.58,  981.0,    0.11,         ,          ,        ,          ,       ,        ,   123.2,   0,  GPS,  317.8, 110.90, 116.20, 130.875, 121.500,       ,       ,       ,      ,       ,       ,    4.9,      0,  NONE,   NONE,      ,      ,   0.0, 3DDiff, 3704,      ,     34,  47.0,     52
2022-09-05, 06:40:20,  +00:00,       ,   37.9805565,   23.3768158,  -135.8, 29.91,     2.1,  26.0,   0.00,   6.05,    4.21,   3.09,  -0.29,  -0.01,  -0.00, 259.8, 259.6,  28.6,   0.0,  13.90,  13.09,     0.95,    67.15,   93.20,   71.50,  982.0,    0.11,         ,          ,        ,          ,       ,        ,   123.4,   0,  GPS,  317.8, 110.90, 116.20, 130.875, 121.500,       ,       ,       ,      ,       ,       ,    4.9,      0,  NONE,   NONE,      ,      ,   0.0, 3DDiff, 3704,      ,     34,  47.0,     52
2022-09-05, 06:40:21,  +00:00,       ,   37.9805527,   23.3767796,  -137.8, 29.91,     2.3,  26.0,   0.00,   5.95,  -10.05,   2.91,  -0.42,  -0.00,   0.03, 259.7, 260.4,  28.6,   0.0,  13.90,  13.11,     0.95,    67.22,   93.20,   71.43,  988.0,    0.11,         ,          ,        ,          ,       ,        ,   123.6,   0,  GPS,  317.8, 110.90, 116.20, 130.875, 121.500,       ,       ,       ,      ,       ,       ,    4.9,      0,  NONE,   NONE,      ,      ,   0.0, 3DDiff, 3704,      ,     34,  47.0,     52
2022-09-05, 06:40:22,  +00:00,       ,   37.9805489,   23.3767376,  -136.8, 29.91,     7.1,  26.0,   0.00,   6.05,  -25.03,   3.15,  -0.57,   0.01,   0.02, 259.1, 260.1,  28.6,   0.0,  13.90,  13.12,     0.95,    66.93,   93.20,   71.58,  995.0,    0.11,         ,          ,        ,          ,       ,        ,   128.4,   0,  GPS,  317.8, 110.90, 116.20, 130.875, 121.500,       ,       ,       ,      ,       ,       ,    4.9,      0,  NONE,   NONE,      ,      ,   0.0, 3DDiff, 3704,      ,     34,  47.5,     40
2022-09-05, 06:40:23,  +00:00,       ,   37.9805412,   23.3767014,  -135.8, 29.91,     7.4,  26.0,   0.00,   6.12,  -10.09,   3.30,  -0.36,   0.00,  -0.04, 258.6, 259.4,  28.6,   0.0,  13.90,  13.13,     0.95,    67.22,   93.20,   71.72,  997.0,    0.12,         ,          ,        ,          ,       ,        ,   128.7,   0,  GPS,  317.8, 110.90, 116.20, 130.875, 121.500,       ,       ,       ,      ,       ,       ,    4.9,      0,  NONE,   NONE,      ,      ,   3.9, 3DDiff, 3704,      ,     34,  47.5,     40
2022-09-05, 06:40:24,  +00:00,       ,   37.9805374,   23.3766651,  -136.8, 29.91,     7.7,  26.0,   0.00,   6.06,   -1.89,   3.75,  -0.26,  -0.01,  -0.01, 258.2, 258.7,  28.6,   0.0,  13.90,  13.14,     0.98,    67.01,   93.20,   72.08, 1004.0,    0.12,         ,          ,        ,          ,       ,        ,   129.0,   0,  GPS,  317.8, 110.90, 116.20, 130.875, 121.500,       ,       ,       ,      ,       ,       ,    4.9,      0,  NONE,   NONE,      ,      ,   3.9, 3DDiff, 3704,      ,     34,  47.5,     40
2022-09-05, 06:40:25,  +00:00,       ,   37.9805336,   23.3766327,  -135.8, 29.91,     7.9,  26.0,   0.00,   6.01,    1.54,   3.74,  -0.03,  -0.00,  -0.02, 257.8, 258.3,  28.6,   0.0,  13.90,  13.14,     0.98,    67.15,   93.20,   71.94, 1007.0,    0.12,         ,          ,        ,          ,       ,        ,   129.2,   0,  GPS,  317.8, 110.90, 116.20, 130.875, 121.500,       ,       ,       ,      ,       ,       ,    4.9,      0,  NONE,   NONE,      ,      ,   7.9, 3DDiff, 3704,      ,     34,  47.5,     40
2022-09-05, 06:40:26,  +00:00,       ,   37.9805336,   23.3765984,  -135.8, 29.91,     4.3,  26.0,   0.00,   5.97,    6.00,   3.57,   0.14,   0.03,  -0.03, 257.8, 257.0,  28.6,   0.0,  13.90,  13.14,     0.98,    67.08,   93.20,   72.08, 1001.0,    0.12,         ,          ,        ,          ,       ,        ,   125.7,   0,  GPS,  317.8, 110.90, 116.20, 130.875, 121.500,       ,       ,       ,      ,       ,       ,    4.9,      0,  NONE,   NONE,      ,      ,   7.9, 3DDiff, 3704,      ,     23,  40.5,     26
2022-09-05, 06:40:27,  +00:00,       ,   37.9805260,   23.3765659,  -134.8, 29.91,     4.4,  26.0,   0.00,   5.81,   10.69,   3.67,   0.05,   0.00,   0.01, 258.0, 257.3,  28.6,   0.0,  13.90,  13.14,     0.98,    67.01,   93.20,   72.08, 1007.0,    0.12,         ,          ,        ,          ,       ,        ,   125.7,   0,  GPS,  317.8, 110.90, 116.20, 130.875, 121.500,       ,       ,       ,      ,       ,       ,    4.9,      0,  NONE,   NONE,      ,      ,   3.9, 3DDiff, 3704,      ,     23,  41.5,     26
2022-09-05, 06:40:28,  +00:00,       ,   37.9805260,   23.3765316,  -133.8, 29.91,     4.4,  26.0,   0.00,   5.83,   24.71,   3.10,   0.22,   0.00,  -0.00, 257.6, 256.6,  28.6,   0.0,  13.90,  13.14,     0.98,    67.01,   93.20,   72.16, 1010.0,    0.12,         ,          ,        ,          ,       ,        ,   125.8,   0,  GPS,  317.8, 110.90, 116.20, 130.875, 121.500,       ,       ,       ,      ,       ,       ,    4.9,      0,  NONE,   NONE,      ,      ,   7.9, 3DDiff, 3704,      ,     22,  40.0,     26
2022-09-05, 06:40:29,  +00:00,       ,   37.9805260,   23.3764973,  -133.8, 29.91,     4.4,  26.0,   0.00,   5.68,   30.52,   2.76,   0.08,   0.02,   0.03, 260.0, 257.4,  28.6,   0.0,  13.90,  13.14,     0.98,    67.37,   93.20,   72.16, 1015.0,    0.12,         ,          ,        ,          ,       ,        ,   125.7,   0,  GPS,  317.8, 110.90, 116.20, 130.875, 121.500,       ,       ,       ,      ,       ,       ,    4.9,      0,  NONE,   NONE,      ,      ,   0.0, 3DDiff, 3704,      ,     22,  40.0,     26
2022-09-05, 06:40:30,  +00:00,       ,   37.9805222,   23.3764629,  -133.8, 29.91,     4.3,  26.0,   0.00,   5.85,   29.95,   2.67,   0.08,   0.04,  -0.00, 262.2, 259.5,  28.6,   0.0,  13.90,  13.13,     0.98,    67.22,   93.20,   72.08, 1013.0,    0.12,         ,          ,        ,          ,       ,        ,   125.6,   0,  GPS,  317.8, 110.90, 116.20, 130.875, 121.500,       ,       ,       ,      ,       ,       ,    4.9,      0,  NONE,   NONE,      ,      ,  -3.9, 3DDiff, 3704,      ,     22,  40.5,     26
2022-09-05, 06:40:31,  +00:00,       ,   37.9805222,   23.3764267,  -134.8, 29.91,     4.2,  26.0,   0.00,   6.03,   17.82,   2.81,  -0.08,   0.02,  -0.06, 264.7, 262.1,  28.6,   0.0,  13.90,  13.12,     0.98,    66.86,   93.20,   71.72, 1004.0,    0.12,         ,          ,        ,          ,       ,        ,   125.5,   0,  GPS,  317.8, 110.90, 116.20, 130.875, 121.500,       ,       ,       ,      ,       ,       ,    4.9,      0,  NONE,   NONE,      ,      ,  -7.9, 3DDiff, 3704,      ,     22,  41.0,     26
2022-09-05, 06:40:32,  +00:00,       ,   37.9805222,   23.3763905,  -135.8, 29.91,     4.2,  26.0,   0.00,   6.22,    0.55,   3.12,   0.02,   0.02,  -0.03, 267.7, 264.5,  28.6,   0.0,  13.90,  13.10,     0.98,    67.01,   95.00,   71.65, 1010.0,    0.12,         ,          ,        ,          ,       ,        ,   125.5,   0,  GPS,  317.8, 110.90, 116.20, 130.875, 121.500,       ,       ,       ,      ,       ,       ,    4.9,      0,  NONE,   NONE,      ,      ,   0.0, 3DDiff, 3704,      ,     22,  40.0,     26
2022-09-05, 06:40:33,  +00:00,       ,   37.9805222,   23.3763542,  -134.8, 29.91,     4.3,  26.0,   0.00,   6.03,  -12.31,   3.27,   0.18,   0.01,   0.02, 272.4, 267.8,  28.6,   0.0,  13.90,  13.11,     0.98,    66.93,   95.00,   71.50, 1004.0,    0.12,         ,          ,        ,          ,       ,        ,   125.6,   0,  GPS,  317.8, 110.90, 116.20, 130.875, 121.500,       ,       ,       ,      ,       ,       ,    4.9,      0,  NONE,   NONE,      ,      ,   3.9, 3DDiff, 3704,      ,     22,  39.5,     26
2022-09-05, 06:40:34,  +00:00,       ,   37.9805260,   23.3763218,  -134.8, 29.91,     4.2,  26.0,   0.00,   5.75,  -14.18,   3.07,   0.23,   0.01,  -0.00, 276.9, 272.9,  28.6,   0.0,  13.90,  13.11,     0.95,    66.93,   95.00,   71.29, 1000.0,    0.12,         ,          ,        ,          ,       ,        ,   125.5,   0,  GPS,  317.8, 110.90, 116.20, 130.875, 121.500,       ,       ,       ,      ,       ,       ,    4.9,      0,  NONE,   NONE,      ,      ,   0.0, 3DDiff, 3704,      ,     22,  40.5,     26
2022-09-05, 06:40:35,  +00:00,       ,   37.9805298,   23.3762913,  -135.8, 29.91,     4.3,  26.0,   0.00,   5.50,  -15.23,   2.96,   0.40,   0.02,  -0.00, 281.0, 277.7,  28.6,   0.0,  13.90,  13.14,     0.95,    67.15,   95.00,   71.14, 1001.0,    0.12,         ,          ,        ,          ,       ,        ,   125.6,   0,  GPS,  317.8, 110.90, 116.20, 130.875, 121.500,       ,       ,       ,      ,       ,       ,    4.9,      0,  NONE,   NONE,      ,      ,   0.0, 3DDiff, 3704,      ,     22,  41.0,     26
2022-09-05, 06:40:36,  +00:00,       ,   37.9805412,   23.3762627,  -136.8, 29.91,     3.9,  26.0,   0.00,   5.35,  -21.92,   3.10,   0.85,  -0.03,   0.05, 284.6, 282.3,  28.6,   0.0,  13.89,  13.17,     0.98,    67.22,   95.00,   71.14, 1008.0,    0.12,         ,          ,        ,          ,       ,        ,   125.2,   0,  GPS,  317.8, 110.90, 116.20, 130.875, 121.500,       ,       ,       ,      ,       ,       ,    4.9,      0,  NONE,   NONE,      ,      ,  -3.9, 3DDiff, 3704,      ,     22,  40.0,     26
2022-09-05, 06:40:37,  +00:00,       ,   37.9805450,   23.3762321,  -135.8, 29.91,     3.9,  26.0,   0.00,   5.36,  -19.34,   2.91,   0.71,   0.02,   0.05, 288.7, 285.4,  28.6,   0.0,  13.89,  13.21,     0.98,    67.52,   95.00,   71.14, 1018.0,    0.12,         ,          ,        ,          ,       ,        ,   125.2,   0,  GPS,  317.8, 110.90, 116.20, 130.875, 121.500,       ,       ,       ,      ,       ,       ,    4.9,      0,  NONE,   NONE,      ,      ,   0.0, 3DDiff, 3704,      ,     22,  39.5,     26
2022-09-05, 06:40:38,  +00:00,       ,   37.9805565,   23.3762035,  -135.8, 29.91,     3.9,  26.0,   0.00,   5.35,   -7.16,   3.38,   0.05,   0.01,   0.03, 291.9, 289.0,  28.6,   0.0,  13.89,  13.24,     0.98,    67.66,   95.00,   71.72, 1023.0,    0.12,         ,          ,        ,          ,       ,        ,   125.2,   0,  GPS,  317.8, 110.90, 116.20, 130.875, 121.500,       ,       ,       ,      ,       ,       ,    4.9,      0,  NONE,   NONE,      ,      ,   0.0, 3DDiff, 3704,      ,     22,  40.0,     26
2022-09-05, 06:40:39,  +00:00,       ,   37.9805717,   23.3761749,  -136.8, 29.91,     3.9,  26.0,   0.00,   5.64,   -1.55,   3.18,   0.08,  -0.01,  -0.01, 292.8, 292.7,  28.6,   0.0,  13.88,  13.26,     1.00,    67.15,   95.00,   71.87, 1022.0,    0.12,         ,          ,        ,          ,       ,        ,   125.2,   0,  GPS,  317.8, 110.90, 116.20, 130.875, 121.500,       ,       ,       ,      ,       ,       ,    4.9,      0,  NONE,   NONE,      ,      ,   0.0, 3DDiff, 3704,      ,     22,  41.0,     26
2022-09-05, 06:40:40,  +00:00,       ,   37.9805794,   23.3761463,  -136.8, 29.91,     3.8,  26.0,   0.00,   5.58,   -7.54,   3.37,  -0.14,  -0.01,  -0.00, 293.1, 292.7,  28.6,   0.0,  13.88,  13.26,     0.98,    67.22,   95.00,   71.79, 1015.0,    0.12,         ,          ,        ,          ,       ,        ,   125.1,   0,  GPS,  317.8, 110.90, 116.20, 130.875, 121.500,       ,       ,       ,      ,       ,       ,    4.9,      0,  NONE,   NONE,      ,      ,   0.0, 3DDiff, 3704,      ,     22,  39.5,     26
2022-09-05, 06:40:41,  +00:00,       ,   37.9805946,   23.3761158,  -136.8, 29.91,     3.9,  26.0,   0.00,   5.60,  -12.87,   3.33,   0.12,  -0.03,   0.04, 292.6, 293.2,  28.6,   0.0,  13.87,  13.25,     0.98,    67.08,   95.00,   71.43, 1005.0,    0.12,         ,          ,        ,          ,       ,        ,   125.2,   0,  GPS,  317.8, 110.90, 116.20, 130.875, 121.500,       ,       ,       ,      ,       ,       ,    4.9,      0,  NONE,   NONE,      ,      ,   0.0, 3DDiff, 3704,      ,     22,  39.5,     26
2022-09-05, 06:40:42,  +00:00,       ,   37.9806061,   23.3760891,  -138.8, 29.91,     3.8,  26.0,   0.00,   5.52,  -24.92,   3.11,   0.20,   0.01,  -0.03, 292.8, 292.9,  28.6,   0.0,  13.87,  13.25,     0.95,    67.73,   95.00,   70.56,  991.0,    0.11,         ,          ,        ,          ,       ,        ,   125.2,   0,  GPS,  317.8, 110.90, 116.20, 130.875, 121.500,       ,       ,       ,      ,       ,       ,    4.9,      0,  NONE,   NONE,      ,      ,  -3.9, 3DDiff, 3704,      ,     22,  40.0,     26
2022-09-05, 06:40:43,  +00:00,       ,   37.9806175,   23.3760605,  -137.8, 29.91,     3.9,  26.0,   0.00,   5.73,  -30.61,   3.20,  -0.07,   0.01,  -0.01, 293.1, 292.6,  28.6,   0.0,  13.88,  13.24,     1.08,    67.44,   95.00,   70.56, 1029.0,    0.14,         ,          ,        ,          ,       ,        ,   125.2,   0,  GPS,  317.8, 110.90, 116.20, 130.875, 121.500,       ,       ,       ,      ,       ,       ,    4.9,      0,  NONE,   NONE,      ,      ,   0.0, 3DDiff, 3704,      ,     22,  40.5,     26
2022-09-05, 06:40:44,  +00:00,       ,   37.9806290,   23.3760281,  -138.8, 29.91,     3.8,  26.0,   0.00,   6.05,  -26.48,   3.45,  -0.10,   0.01,   0.04, 292.9, 293.0,  28.6,   0.0,  13.88,  13.23,     1.19,    67.37,   95.00,   72.88, 1102.0,    0.14,         ,          ,        ,          ,       ,        ,   125.1,   0,  GPS,  317.8, 110.90, 116.20, 130.875, 121.500,       ,       ,       ,      ,       ,       ,    4.9,      0,  NONE,   NONE,      ,      ,   0.0, 3DDiff, 3704,      ,     22,  39.5,     26
2022-09-05, 06:40:45,  +00:00,       ,   37.9806442,   23.3759937,  -136.8, 29.91,     3.9,  26.0,   0.00,   6.41,  -16.50,   3.43,   0.15,   0.00,   0.01, 292.6, 293.1,  28.6,   0.0,  13.88,  13.20,     0.95,    67.08,   96.80,   73.82, 1052.0,    0.11,         ,          ,        ,          ,       ,        ,   125.3,   0,  GPS,  317.8, 110.90, 116.20, 130.875, 121.500,       ,       ,       ,      ,       ,       ,    4.9,      0,  NONE,   NONE,      ,      ,   3.9, 3DDiff, 3704,      ,     22,  39.0,     26
2022-09-05, 06:40:46,  +00:00,       ,   37.9806595,   23.3759575,  -135.8, 29.91,     3.8,  26.0,   0.00,   6.71,    9.38,   3.72,   0.10,   0.00,  -0.01, 292.6, 292.7,  28.6,   0.0,  13.88,  13.13,     0.87,    67.08,   96.80,   71.07,  975.0,    0.10,         ,          ,        ,          ,       ,        ,   125.1,   0,  GPS,  317.8, 110.90, 116.20, 130.875, 121.500,       ,       ,       ,      ,       ,       ,    4.9,      0,  NONE,   NONE,      ,      ,   3.9, 3DDiff, 3704,      ,     22,  40.0,     26
2022-09-05, 06:40:47,  +00:00,       ,   37.9806747,   23.3759232,  -139.8, 29.91,     3.8,  26.0,   0.00,   6.69,    7.96,   3.70,  -0.14,  -0.01,   0.02, 292.6, 292.4,  28.6,   0.0,  13.89,  13.10,     0.87,    67.15,   96.80,   68.68,  957.0,    0.10,         ,          ,        ,          ,       ,        ,   125.1,   0,  GPS,  317.8, 110.90, 116.20, 130.875, 121.500,       ,       ,       ,      ,       ,       ,    4.9,      0,  NONE,   NONE,      ,      ,   0.0, 3DDiff, 3704,      ,     22,  40.5,     26
2022-09-05, 06:40:48,  +00:00,       ,   37.9806862,   23.3758888,  -138.8, 29.91,     3.7,  26.0,   0.00,   6.69,  -19.13,   3.33,  -0.24,  -0.02,   0.00, 292.6, 292.5,  28.6,   0.0,  13.89,  13.10,     0.85,    67.22,   96.80,   67.30,  946.0,    0.10,         ,          ,        ,          ,       ,        ,   125.0,   0,  GPS,  317.8, 110.90, 116.20, 130.875, 121.500,       ,       ,       ,      ,       ,       ,    4.9,      0,  NONE,   NONE,      ,      ,   0.0, 3DDiff, 3704,      ,     22,  39.5,     26
2022-09-05, 06:40:49,  +00:00,       ,   37.9807014,   23.3758583,  -136.8, 29.91,     4.1,  26.0,   0.00,   6.53,  -10.22,   3.81,  -0.21,  -0.03,   0.00, 291.7, 292.6,  28.6,   0.0,  13.89,  13.09,     0.85,    67.08,   96.80,   66.64,  953.0,    0.10,         ,          ,        ,          ,       ,        ,   125.4,   0,  GPS,  317.8, 110.90, 116.20, 130.875, 121.500,       ,       ,       ,      ,       ,       ,    4.9,      0,  NONE,   NONE,      ,      ,   0.0, 3DDiff, 3704,      ,     22,  39.0,     26
2022-09-05, 06:40:50,  +00:00,       ,   37.9807167,   23.3758221,  -136.8, 29.91,     4.2,  26.0,   0.00,   6.61,    9.48,   3.72,  -0.30,   0.00,  -0.00, 291.5, 291.6,  28.6,   0.0,  13.89,  13.09,     0.85,    67.08,   96.80,   66.21,  946.0,    0.10,         ,          ,        ,          ,       ,        ,   125.5,   0,  GPS,  317.8, 110.90, 116.20, 130.875, 121.500,       ,       ,       ,      ,       ,       ,    4.9,      0,  NONE,   NONE,      ,      ,   0.0, 3DDiff, 3704,      ,     22,  39.5,     26
2022-09-05, 06:40:51,  +00:00,       ,   37.9807281,   23.3757896,  -137.8, 29.91,     4.1,  26.0,   0.00,   6.61,   11.75,   3.85,  -0.47,  -0.01,   0.01, 291.1, 291.2,  28.6,   0.0,  13.89,  13.08,     0.85,    67.01,   96.80,   66.64,  961.0,    0.10,         ,          ,        ,          ,       ,        ,   125.5,   0,  GPS,  317.8, 110.90, 116.20, 130.875, 121.500,       ,       ,       ,      ,       ,       ,    4.9,      0,  NONE,   NONE,      ,      ,   3.9, 3DDiff, 3704,      ,     22,  40.5,     26
2022-09-05, 06:40:52,  +00:00,       ,   37.9807396,   23.3757534,  -137.8, 29.91,     4.2,  26.0,   0.00,   6.82,    6.40,   3.54,  -0.41,   0.03,  -0.00, 291.1, 290.9,  28.6,   0.0,  13.89,  13.08,     0.87,    66.93,   96.80,   66.72,  956.0,    0.10,         ,          ,        ,          ,       ,        ,   125.5,   0,  GPS,  317.8, 110.90, 116.20, 130.875, 121.500,       ,       ,       ,      ,       ,       ,    4.9,      0,  NONE,   NONE,      ,      ,   3.9, 3DDiff, 3704,      ,     22,  39.0,     26
2022-09-05, 06:40:53,  +00:00,       ,   37.9807587,   23.3757114,  -137.8, 29.91,     3.4,  26.0,   0.00,   7.11,    2.81,   3.65,  -0.32,   0.02,  -0.01, 290.9, 291.1,  28.6,   0.0,  13.89,  13.08,     0.87,    67.15,   96.80,   66.86,  966.0,    0.10,         ,          ,        ,          ,       ,        ,   124.7,   0,  GPS,  317.8, 110.90, 116.20, 130.875, 121.500,       ,       ,       ,      ,       ,       ,    4.9,      0,  NONE,   NONE,      ,      ,  -3.9, 3DDiff, 3704,      ,     22,  39.0,     26
2022-09-05, 06:40:54,  +00:00,       ,   37.9807701,   23.3756790,  -137.8, 29.91,     7.2,  26.0,   0.00,   7.35,    1.12,   3.63,   0.03,   0.00,   0.02, 291.6, 291.1,  28.6,   0.0,  13.89,  13.06,     0.87,    67.22,   96.80,   66.50,  963.0,    0.10,         ,          ,        ,          ,       ,        ,   128.6,   0,  GPS,  317.8, 110.90, 116.20, 130.875, 121.500,       ,       ,       ,      ,       ,       ,    4.9,      0,  NONE,   NONE,      ,      ,   0.0, 3DDiff, 3704,      ,      8,  11.5,     14
2022-09-05, 06:40:55,  +00:00,       ,   37.9807854,   23.3756409,  -135.8, 29.91,     7.0,  26.0,   0.00,   7.46,    5.93,   3.70,  -0.05,   0.01,   0.03, 291.5, 291.7,  28.6,   0.0,  13.89,  13.06,     0.87,    67.15,   96.80,   66.57,  969.0,    0.10,         ,          ,        ,          ,       ,        ,   128.4,   0,  GPS,  317.8, 110.90, 116.20, 130.875, 121.500,       ,       ,       ,      ,       ,       ,    4.9,      0,  NONE,   NONE,      ,      ,   0.0, 3DDiff, 3704,      ,      8,  11.0,     14
2022-09-05, 06:40:56,  +00:00,       ,   37.9807968,   23.3756027,  -135.8, 29.91,     6.9,  26.2,   0.00,   7.56,   18.37,   4.02,  -0.16,   0.01,   0.00, 291.7, 291.7,  28.6,   0.0,  13.90,  13.06,     0.87,    67.15,   96.80,   66.93,  969.0,    0.10,         ,          ,        ,          ,       ,        ,   128.2,   0,  GPS,  317.8, 110.90, 116.20, 130.875, 121.500,       ,       ,       ,      ,       ,       ,    4.9,      0,  NONE,   NONE,      ,      ,   0.0, 3DDiff, 3704,      ,      8,  11.5,     14
2022-09-05, 06:40:57,  +00:00,       ,   37.9808159,   23.3755608,  -137.8, 29.91,     6.6,  26.2,   0.00,   7.66,   14.82,   3.82,  -0.22,   0.00,   0.00, 291.7, 292.0,  28.6,   0.0,  13.90,  13.06,     0.87,    67.22,   96.80,   67.08,  974.0,    0.10,         ,          ,        ,          ,       ,        ,   127.9,   0,  GPS,  317.8, 110.90, 116.20, 130.875, 121.500,       ,       ,       ,      ,       ,       ,    4.9,      0,  NONE,   NONE,      ,      ,   3.9, 3DDiff, 3704,      ,      8,  11.5,     14
2022-09-05, 06:40:58,  +00:00,       ,   37.9808350,   23.3755226,  -136.8, 29.91,     6.6,  26.2,   0.00,   7.68,    5.99,   3.35,  -0.18,   0.00,  -0.01, 292.1, 292.1,  28.6,   0.0,  13.90,  13.07,     0.87,    67.52,   96.80,   67.01,  975.0,    0.10,         ,          ,        ,          ,       ,        ,   127.9,   0,  GPS,  317.8, 110.90, 116.20, 130.875, 121.500,       ,       ,       ,      ,       ,       ,    4.9,      0,  NONE,   NONE,      ,      ,   3.9, 3DDiff, 3704,      ,      8,  11.5,     14
2022-09-05, 06:40:59,  +00:00,       ,   37.9808502,   23.3754807,  -135.8, 29.91,     6.6,  26.2,   0.00,   7.62,    9.51,   3.33,  -0.16,   0.01,   0.00, 292.7, 292.6,  28.6,   0.0,  13.90,  13.08,     0.87,    67.59,   98.60,   66.86,  964.0,    0.10,         ,          ,        ,          ,       ,        ,   127.9,   0,  GPS,  317.8, 110.90, 116.20, 130.875, 121.500,       ,       ,       ,      ,       ,       ,    4.9,      0,  NONE,   NONE,      ,      ,  -3.9, 3DDiff, 3704,      ,      8,  11.0,     14
2022-09-05, 06:41:00,  +00:00,       ,   37.9808655,   23.3754425,  -136.8, 29.91,     6.5,  26.2,   0.00,   7.46,    9.57,   3.77,   0.05,  -0.02,  -0.01, 292.4, 293.1,  28.6,   0.0,  13.90,  13.09,     0.87,    67.44,   98.60,   66.21,  964.0,    0.10,         ,          ,        ,          ,       ,        ,   127.8,   0,  GPS,  317.8, 110.90, 116.20, 130.875, 121.500,       ,       ,       ,      ,       ,       ,    4.9,      0,  NONE,   NONE,      ,      ,   0.0, 3DDiff, 3704,      ,      8,  11.5,     14
2022-09-05, 06:41:01,  +00:00,       ,   37.9808807,   23.3754044,  -136.8, 29.91,     6.8,  26.2,   0.00,   7.37,    4.99,   3.63,  -0.01,   0.00,   0.01, 292.3, 292.8,  28.6,   0.0,  13.90,  13.11,     0.87,    67.15,   98.60,   66.21,  969.0,    0.10,         ,          ,        ,          ,       ,        ,   128.1,   0,  GPS,  317.8, 110.90, 116.20, 130.875, 121.500,       ,       ,       ,      ,       ,       ,    4.9,      0,  NONE,   NONE,      ,      ,   0.0, 3DDiff, 3704,      ,      8,  11.5,     14
2022-09-05, 06:41:02,  +00:00,       ,   37.9808960,   23.3753662,  -136.8, 29.91,     6.8,  26.2,   0.00,   7.29,   -3.62,   3.46,  -0.01,  -0.01,   0.00, 292.3, 292.5,  28.6,   0.0,  13.90,  13.11,     0.87,    67.08,   98.60,   66.14,  962.0,    0.10,         ,          ,        ,          ,       ,        ,   128.2,   0,  GPS,  317.8, 110.90, 116.20, 130.875, 121.500,       ,       ,       ,      ,       ,       ,    4.9,      0,  NONE,   NONE,      ,      ,   0.0, 3DDiff, 3704,      ,      8,  11.5,     14
2022-09-05, 06:41:03,  +00:00,       ,   37.9809113,   23.3753300,  -137.8, 29.91,     6.8,  26.2,   0.00,   7.31,  -11.59,   3.53,   0.10,  -0.02,  -0.01, 292.3, 292.4,  28.6,   0.0,  13.90,  13.12,     0.87,    67.22,   98.60,   65.92,  968.0,    0.10,         ,          ,        ,          ,       ,        ,   128.1,   0,  GPS,  317.8, 110.90, 116.20, 130.875, 121.500,       ,       ,       ,      ,       ,       ,    4.9,      0,  NONE,   NONE,      ,      ,   0.0, 3DDiff, 3704,      ,      8,  11.0,     14
2022-09-05, 06:41:04,  +00:00,       ,   37.9809265,   23.3752918,  -137.8, 29.91,     6.6,  26.2,   0.00,   7.27,  -22.03,   3.49,   0.02,  -0.01,  -0.00, 292.4, 292.6,  28.6,   0.0,  13.90,  13.12,     0.87,    66.93,   98.60,   65.92,  967.0,    0.10,         ,          ,        ,          ,       ,        ,   128.0,   0,  GPS,  317.8, 110.90, 116.20, 130.875, 121.500,       ,       ,       ,      ,       ,       ,    4.9,      0,  NONE,   NONE,      ,      ,   0.0, 3DDiff, 3704,      ,      8,  11.5,     14
2022-09-05, 06:41:05,  +00:00,       ,   37.9809418,   23.3752556,  -135.8, 29.91,     6.5,  26.2,   0.00,   7.06,   -3.92,   3.48,  -0.11,   0.01,   0.00, 292.2, 292.3,  28.6,   0.0,  13.90,  13.12,     0.87,    66.93,   98.60,   65.92,  970.0,    0.10,         ,          ,        ,          ,       ,        ,   127.8,   0,  GPS,  317.8, 110.90, 116.20, 130.875, 121.500,       ,       ,       ,      ,       ,       ,    4.9,      0,  NONE,   NONE,      ,      ,   3.9, 3DDiff, 3704,      ,      8,  11.0,     14
2022-09-05, 06:41:06,  +00:00,       ,   37.9809570,   23.3752174,  -136.8, 29.91,     6.5,  26.2,   0.00,   7.11,   12.69,   3.76,   0.01,  -0.03,  -0.01, 292.2, 292.2,  28.6,   0.0,  13.90,  13.11,     0.87,    66.86,   98.60,   65.99,  974.0,    0.10,         ,          ,        ,          ,       ,        ,   127.8,   0,  GPS,  317.8, 110.90, 116.20, 130.875, 121.500,       ,       ,       ,      ,       ,       ,    4.9,      0,  NONE,   NONE,      ,      ,   0.0, 3DDiff, 3704,      ,      8,  11.5,     14
2022-09-05, 06:41:07,  +00:00,       ,   37.9809723,   23.3751812,  -135.8, 29.91,     6.6,  26.2,   0.00,   7.09,   16.17,   4.06,   0.05,  -0.01,   0.02, 292.4, 292.4,  28.6,   0.0,  13.90,  13.11,     0.87,    66.93,   98.60,   65.85,  971.0,    0.10,         ,          ,        ,          ,       ,        ,   127.9,   0,  GPS,  317.8, 110.90, 116.20, 130.875, 121.500,       ,       ,       ,      ,       ,       ,    4.9,      0,  NONE,   NONE,      ,      ,   3.9, 3DDiff, 3704,      ,      8,  11.0,     14
2022-09-05, 06:41:08,  +00:00,       ,   37.9809837,   23.3751450,  -134.8, 29.91,     6.4,  26.2,   0.00,   7.00,   22.19,   3.88,   0.11,   0.00,   0.00, 291.5, 292.5,  28.6,   0.0,  13.90,  13.10,     0.92,    66.86,   98.60,   65.92,  973.0,    0.11,         ,          ,        ,          ,       ,        ,   127.8,   0,  GPS,  317.8, 110.90, 116.20, 130.875, 121.500,       ,       ,       ,      ,       ,       ,    4.9,      0,  NONE,   NONE,      ,      ,   0.0, 3DDiff, 3704,      ,      8,  11.5,     14
2022-09-05, 06:41:09,  +00:00,       ,   37.9810028,   23.3751106,  -134.8, 29.91,     6.5,  26.2,   0.00,   6.94,   26.56,   3.66,   0.45,   0.00,  -0.01, 292.2, 291.7,  28.6,   0.0,  13.90,  13.10,     1.06,    66.72,   98.60,   66.93, 1022.0,    0.13,         ,          ,        ,          ,       ,        ,   127.9,   0,  GPS,  317.8, 110.90, 116.20, 130.875, 121.500,       ,       ,       ,      ,       ,       ,    4.9,      0,  NONE,   NONE,      ,      ,   0.0, 3DDiff, 3704,      ,      8,  11.0,     14
2022-09-05, 06:41:10,  +00:00,       ,   37.9810143,   23.3750706,  -136.8, 29.91,     6.5,  26.2,   0.00,   7.08,   15.51,   3.74,   0.55,  -0.02,  -0.01, 291.9, 291.7,  28.6,   0.0,  13.90,  13.08,     1.11,    66.86,   98.60,   70.27, 1083.0,    0.13,         ,          ,        ,          ,       ,        ,   127.8,   0,  GPS,  317.8, 110.90, 116.20, 130.875, 121.500,       ,       ,       ,      ,       ,       ,    4.9,      0,  NONE,   NONE,      ,      ,   0.0, 3DDiff, 3704,      ,      8,  11.0,     14
2022-09-05, 06:41:11,  +00:00,       ,   37.9810371,   23.3750305,  -136.8, 29.91,     6.5,  26.2,   0.00,   7.37,   -8.53,   3.38,   0.55,  -0.00,   0.02, 292.0, 291.7,  28.6,   0.0,  13.90,  13.07,     1.14,    67.22,  100.40,   71.87, 1099.0,    0.14,         ,          ,        ,          ,       ,        ,   127.8,   0,  GPS,  317.8, 110.90, 116.20, 130.875, 121.500,       ,       ,       ,      ,       ,       ,    4.9,      0,  NONE,   NONE,      ,      ,   3.9, 3DDiff, 3704,      ,      8,  11.0,     14
2022-09-05, 06:41:13,  +00:00,       ,   37.9810677,   23.3749466,  -136.8, 29.91,     6.2,  26.2,   0.00,   8.30,  -16.51,   3.44,   0.23,  -0.02,  -0.00, 291.2, 291.7,  28.6,   0.0,  13.90,  13.01,     1.16,    66.86,  100.40,   73.39, 1118.0,    0.14,         ,          ,        ,          ,       ,        ,   127.5,   0,  GPS,  317.8, 110.90, 116.20, 130.875, 121.500,       ,       ,       ,      ,       ,       ,    4.9,      0,  NONE,   NONE,      ,      ,   0.0, 3DDiff, 3704,      ,      8,  11.0,     14
2022-09-05, 06:41:14,  +00:00,       ,   37.9810829,   23.3749027,  -136.8, 29.91,     6.1,  26.2,   0.00,   8.75,  -12.11,   3.59,   0.25,  -0.00,   0.04, 291.5, 291.1,  28.6,   0.0,  13.90,  13.01,     1.19,    66.72,  100.40,   73.39, 1120.0,    0.14,         ,          ,        ,          ,       ,        ,   127.4,   0,  GPS,  317.8, 110.90, 116.20, 130.875, 121.500,       ,       ,       ,      ,       ,       ,    4.9,      0,  NONE,   NONE,      ,      ,   0.0, 3DDiff, 3704,      ,      8,  11.0,     14
2022-09-05, 06:41:15,  +00:00,       ,   37.9811020,   23.3748531,  -138.8, 29.91,     6.2,  26.2,   0.00,   9.17,  -16.49,   3.60,  -0.11,   0.01,  -0.04, 291.6, 291.5,  28.6,   0.0,  13.90,  12.98,     0.90,    67.01,  100.40,   72.74, 1058.0,    0.10,         ,          ,        ,          ,       ,        ,   127.5,   0,  GPS,  317.8, 110.90, 116.20, 130.875, 121.500,       ,       ,       ,      ,       ,       ,    4.9,      0,  NONE,   NONE,      ,      ,   0.0, 3DDiff, 3704,      ,      8,  11.0,     14
2022-09-05, 06:41:16,  +00:00,       ,   37.9811249,   23.3748055,  -139.8, 29.91,     6.0,  26.2,   0.00,   9.51,  -32.07,   3.46,   0.19,   0.01,  -0.03, 292.0, 292.0,  28.6,   0.0,  13.90,  12.94,     0.85,    67.59,  100.40,   68.89,  976.0,    0.09,         ,          ,        ,          ,       ,        ,   127.3,   0,  GPS,  317.8, 110.90, 116.20, 130.875, 121.500,       ,       ,       ,      ,       ,       ,    4.9,      0,  NONE,   NONE,      ,      ,   0.0, 3DDiff, 3704,      ,      8,  11.0,     14
2022-09-05, 06:41:17,  +00:00,       ,   37.9811440,   23.3747540,  -138.8, 29.91,     6.2,  26.2,   0.00,   9.35,  -37.09,   3.67,  -0.24,   0.00,  -0.00, 291.4, 292.1,  28.6,   0.0,  13.90,  12.91,     0.82,    67.30,  100.40,   65.41,  944.0,    0.09,         ,          ,        ,          ,       ,        ,   127.6,   0,  GPS,  317.8, 110.90, 116.20, 130.875, 121.500,       ,       ,       ,      ,       ,       ,    4.9,      0,  NONE,   NONE,      ,      ,   3.9, 3DDiff, 3704,      ,      8,  11.0,     14
2022-09-05, 06:41:18,  +00:00,       ,   37.9811630,   23.3747025,  -136.8, 29.91,     6.2,  26.2,   0.00,   9.33,  -16.25,   3.57,  -0.34,   0.00,  -0.02, 291.6, 291.9,  28.6,   0.0,  13.90,  12.92,     0.82,    67.52,  100.40,   63.16,  936.0,    0.09,         ,          ,        ,          ,       ,        ,   127.5,   0,  GPS,  317.8, 110.90, 116.20, 130.875, 121.500,       ,       ,       ,      ,       ,       ,    4.9,      0,  NONE,   NONE,      ,      ,   0.0, 3DDiff, 3704,      ,      8,  11.0,     14
2022-09-05, 06:41:20,  +00:00,       ,   37.9812012,   23.3746071,  -136.8, 29.91,     6.1,  26.2,   0.00,   9.33,   35.64,   3.41,   0.31,  -0.01,   0.01, 291.9, 291.9,  28.6,   0.0,  13.90,  12.95,     0.82,    67.22,  100.40,   62.08,  930.0,    0.09,         ,          ,        ,          ,       ,        ,   127.4,   0,  GPS,  317.8, 110.90, 116.20, 130.875, 121.500,       ,       ,       ,      ,       ,       ,    4.9,      0,  NONE,   NONE,      ,      ,   0.0, 3DDiff, 3704,      ,      8,  11.0,     14
2022-09-05, 06:41:21,  +00:00,       ,   37.9812202,   23.3745613,  -135.8, 29.91,     6.2,  26.2,   0.00,   9.12,   25.99,   3.68,   0.42,  -0.01,   0.01, 291.2, 292.0,  28.6,   0.0,  13.90,  12.95,     0.82,    67.59,  102.20,   61.71,  937.0,    0.09,         ,          ,        ,          ,       ,        ,   127.5,   0,  GPS,  317.8, 110.90, 116.20, 130.875, 121.500,       ,       ,       ,      ,       ,       ,    4.9,      0,  NONE,   NONE,      ,      ,   0.0, 3DDiff, 3704,      ,      8,  11.0,     14
2022-09-05, 06:41:22,  +00:00,       ,   37.9812431,   23.3745136,  -135.8, 29.91,     6.1,  26.2,   0.00,   9.17,   26.53,   3.69,   0.07,   0.01,  -0.03, 291.8, 291.4,  28.6,   0.0,  13.90,  12.97,     0.82,    67.44,  102.20,   61.71,  936.0,    0.09,         ,          ,        ,          ,       ,        ,   127.4,   0,  GPS,  317.8, 110.90, 116.20, 130.875, 121.500,       ,       ,       ,      ,       ,       ,    4.9,      0,  NONE,   NONE,      ,      ,   0.0, 3DDiff, 3704,      ,      8,  11.0,     14
2022-09-05, 06:41:23,  +00:00,       ,   37.9812584,   23.3744640,  -137.8, 29.91,     6.1,  26.2,   0.00,   9.21,    8.83,   3.57,   0.08,   0.01,   0.03, 292.0, 291.8,  28.6,   0.0,  13.90,  12.97,     0.82,    67.44,  102.20,   61.57,  946.0,    0.09,         ,          ,        ,          ,       ,        ,   127.4,   0,  GPS,  317.8, 110.90, 116.20, 130.875, 121.500,       ,       ,       ,      ,       ,       ,    4.9,      0,  NONE,   NONE,      ,      ,   0.0, 3DDiff, 1852,      ,      8,  11.0,     14
2022-09-05, 06:41:24,  +00:00,       ,   37.9812775,   23.3744144,  -138.8, 29.91,     5.9,  26.2,   0.00,   9.21,  -19.42,   3.59,  -0.13,  -0.01,   0.01, 291.5, 292.1,  28.6,   0.0,  13.90,  12.97,     0.82,    67.44,  102.20,   61.50,  939.0,    0.09,         ,          ,        ,          ,       ,        ,   127.2,   0,  GPS,  317.8, 110.90, 116.20, 130.875, 121.500,       ,       ,       ,      ,       ,       ,    4.9,      0,  NONE,   NONE,      ,      ,   0.0, 3DDiff, 1852,      ,      8,  11.0,     14
2022-09-05, 06:41:25,  +00:00,       ,   37.9812965,   23.3743687,  -137.8, 29.91,     6.0,  26.2,   0.00,   9.16,  -29.08,   3.60,   0.05,  -0.01,   0.02, 291.3, 291.8,  28.6,   0.0,  13.90,  12.95,     0.82,    67.22,  102.20,   61.64,  941.0,    0.09,         ,          ,        ,          ,       ,        ,   127.3,   0,  GPS,  317.8, 110.90, 116.20, 130.875, 121.500,       ,       ,       ,      ,       ,       ,    4.9,      0,  NONE,   NONE,      ,      ,   0.0, 3DDiff, 1852,      ,      8,  11.0,     14
2022-09-05, 06:41:26,  +00:00,       ,   37.9813156,   23.3743191,  -139.8, 29.91,     6.1,  26.2,   0.00,   9.12,  -31.30,   3.57,  -0.02,   0.02,  -0.01, 292.1, 291.6,  28.6,   0.0,  13.90,  12.94,     0.82,    67.15,  102.20,   61.71,  944.0,    0.09,         ,          ,        ,          ,       ,        ,   127.4,   0,  GPS,  317.8, 110.90, 116.20, 130.875, 121.500,       ,       ,       ,      ,       ,       ,    4.9,      0,  NONE,   NONE,      ,      ,   0.0, 3DDiff, 1852,      ,      8,  11.0,     14
2022-09-05, 06:41:27,  +00:00,       ,   37.9813347,   23.3742733,  -138.8, 29.91,     6.1,  26.2,   0.00,   8.98,  -29.68,   3.61,   0.13,  -0.01,   0.01, 291.9, 292.0,  28.6,   0.0,  13.90,  12.94,     0.82,    66.93,  102.20,   61.71,  949.0,    0.09,         ,          ,        ,          ,       ,        ,   127.4,   0,  GPS,  317.8, 110.90, 116.20, 130.875, 121.500,       ,       ,       ,      ,       ,       ,    4.9,      0,  NONE,   NONE,      ,      ,   0.0, 3DDiff, 1852,      ,      8,  10.5,     14
2022-09-05, 06:41:28,  +00:00,       ,   37.9813538,   23.3742256,  -137.8, 29.91,     6.2,  26.2,   0.00,   8.96,  -15.24,   3.50,   0.04,  -0.02,   0.04, 291.6, 292.1,  28.6,   0.0,  13.90,  12.96,     0.82,    67.37,  102.20,   61.57,  947.0,    0.09,         ,          ,        ,          ,       ,        ,   127.5,   0,  GPS,  317.8, 110.90, 116.20, 130.875, 121.500,       ,       ,       ,      ,       ,       ,    4.9,      0,  NONE,   NONE,      ,      ,   0.0, 3DDiff, 1852,      ,      8,  11.0,     14
2022-09-05, 06:41:29,  +00:00,       ,   37.9813728,   23.3741798,  -137.8, 29.91,     6.3,  26.2,   0.00,   8.98,    0.17,   3.58,   0.08,   0.01,   0.02, 292.2, 291.9,  28.6,   0.0,  13.90,  12.96,     0.82,    67.15,  102.20,   61.71,  952.0,    0.09,         ,          ,        ,          ,       ,        ,   127.6,   0,  GPS,  317.8, 110.90, 116.20, 130.875, 121.500,       ,       ,       ,      ,       ,       ,    4.9,      0,  NONE,   NONE,      ,      ,   0.0, 3DDiff, 1852,      ,      8,  11.0,     14
2022-09-05, 06:41:30,  +00:00,       ,   37.9813919,   23.3741360,  -138.8, 29.91,     6.2,  26.2,   0.00,   8.84,    3.58,   3.75,   0.21,  -0.02,  -0.00, 291.8, 292.5,  28.6,   0.0,  13.90,  12.97,     0.82,    67.22,  102.20,   61.93,  949.0,    0.09,         ,          ,        ,          ,       ,        ,   127.5,   0,  GPS,  317.8, 110.90, 116.20, 130.875, 121.500,       ,       ,       ,      ,       ,       ,    4.9,      0,  NONE,   NONE,      ,      ,   0.0, 3DDiff, 1852,      ,      8,  11.0,     14
2022-09-05, 06:41:31,  +00:00,       ,   37.9814072,   23.3740902,  -137.8, 29.91,     6.2,  26.2,   0.00,   8.57,   -5.58,   3.71,   0.20,  -0.00,   0.03, 291.7, 292.2,  28.6,   0.0,  13.90,  12.98,     0.58,    67.22,  102.20,   57.36,  789.0,    0.05,         ,          ,        ,          ,       ,        ,   127.5,   0,  GPS,  317.8, 110.90, 116.20, 130.875, 121.500,       ,       ,       ,      ,       ,       ,    4.9,      0,  NONE,   NONE,      ,      ,   0.0, 3DDiff, 1852,      ,      8,  10.5,     14
2022-09-05, 06:41:32,  +00:00,       ,   37.9814262,   23.3740482,  -136.8, 29.91,     5.7,  26.2,   0.00,   8.24,    6.38,   3.83,   0.22,  -0.00,  -0.01, 291.5, 291.9,  28.6,   0.0,  13.90,  12.98,     0.61,    67.73,  102.20,   52.00,  781.0,    0.05,         ,          ,        ,          ,       ,        ,   127.0,   0,  GPS,  317.8, 110.90, 116.20, 130.875, 121.500,       ,       ,       ,      ,       ,       ,    4.9,      0,  NONE,   NONE,      ,      ,   3.9, 3DDiff, 1852,      ,      8,  11.0,     14
2022-09-05, 06:41:33,  +00:00,       ,   37.9814415,   23.3740063,  -136.8, 29.91,     5.7,  26.2,   0.00,   8.09,   19.77,   3.68,   0.15,  -0.01,   0.01, 291.3, 291.5,  28.6,   0.0,  13.90,  12.99,     0.58,    67.22,  104.00,   50.18,  786.0,    0.05,         ,          ,        ,          ,       ,        ,   127.0,   0,  GPS,  317.8, 110.90, 116.20, 130.875, 121.500,       ,       ,       ,      ,       ,       ,    4.9,      0,  NONE,   NONE,      ,      ,   0.0, 3DDiff, 1852,      ,      8,  11.0,     14
2022-09-05, 06:41:34,  +00:00,       ,   37.9814606,   23.3739624,  -136.8, 29.91,     5.6,  26.2,   0.00,   7.91,   20.97,   3.71,   0.18,   0.01,   0.00, 291.6, 291.3,  28.6,   0.0,  13.89,  12.98,     0.61,    67.44,  104.00,   49.31,  784.0,    0.05,         ,          ,        ,          ,       ,        ,   126.9,   0,  GPS,  317.8, 110.90, 116.20, 130.875, 121.500,       ,       ,       ,      ,       ,       ,    4.9,      0,  NONE,   NONE,      ,      ,   0.0, 3DDiff, 1852,      ,      8,  11.0,     14
2022-09-05, 06:41:35,  +00:00,       ,   37.9814720,   23.3739204,  -136.8, 29.91,     5.6,  26.2,   0.00,   7.79,   12.63,   3.86,   0.45,  -0.01,  -0.03, 291.7, 291.6,  28.6,   0.0,  13.89,  12.96,     0.61,    67.66,  104.00,   48.95,  785.0,    0.05,         ,          ,        ,          ,       ,        ,   126.9,   0,  GPS,  317.8, 110.90, 116.20, 130.875, 121.500,       ,       ,       ,      ,       ,       ,    4.9,      0,  NONE,   NONE,      ,      ,   0.0, 3DDiff, 1852,      ,      8,  10.5,     14
2022-09-05, 06:41:36,  +00:00,       ,   37.9814949,   23.3738823,  -137.8, 29.91,     5.7,  26.2,   0.00,   7.68,    3.31,   3.91,   0.53,   0.01,  -0.01, 293.2, 292.0,  28.7,   0.0,  13.89,  12.96,     0.50,    67.59,  104.00,   45.90,  705.0,    0.04,         ,          ,        ,          ,       ,        ,   127.0,   0,  GPS,  317.8, 110.90, 116.20, 130.875, 121.500,       ,       ,       ,      ,       ,       ,    4.9,      0,  NONE,   NONE,      ,      ,   0.0, 3DDiff, 1852,      ,      8,  11.0,     14
2022-09-05, 06:41:37,  +00:00,       ,   37.9815025,   23.3738461,  -137.8, 29.91,     5.7,  26.2,   0.00,   7.08,  -10.86,   3.78,   0.34,  -0.02,   0.01, 291.9, 293.1,  28.7,   0.0,  13.89,  12.93,     0.50,    67.88,  104.00,   43.80,  713.0,    0.04,         ,          ,        ,          ,       ,        ,   127.0,   0,  GPS,  317.8, 110.90, 116.20, 130.875, 121.500,       ,       ,       ,      ,       ,       ,    4.9,      0,  NONE,   NONE,      ,      ,   0.0, 3DDiff, 1852,      ,      8,  10.5,     14
2022-09-05, 06:41:38,  +00:00,       ,   37.9815254,   23.3738117,  -136.8, 29.91,     5.7,  26.2,   0.00,   6.65,   -7.68,   3.76,   0.54,   0.01,  -0.04, 291.5, 292.2,  28.7,   0.0,  13.89,  12.93,     0.50,    67.88,  104.00,   43.08,  713.0,    0.04,         ,          ,        ,          ,       ,        ,   127.0,   0,  GPS,  317.8, 110.90, 116.20, 130.875, 121.500,       ,       ,       ,      ,       ,       ,    4.9,      0,  NONE,   NONE,      ,      ,   0.0, 3DDiff, 1852,      ,      8,  11.0,     14
2022-09-05, 06:41:39,  +00:00,       ,   37.9815331,   23.3737793,  -136.8, 29.91,     5.7,  26.2,   0.00,   6.53,    3.59,   3.86,   0.60,   0.02,  -0.02, 291.9, 291.2,  28.7,   0.0,  13.89,  12.94,     0.50,    67.59,  104.00,   42.79,  710.0,    0.04,         ,          ,        ,          ,       ,        ,   127.0,   0,  GPS,  317.8, 110.90, 116.20, 130.875, 121.500,       ,       ,       ,      ,       ,       ,    4.9,      0,  NONE,   NONE,      ,      ,   0.0, 3DDiff, 1852,      ,      8,  10.5,     14
2022-09-05, 06:41:40,  +00:00,       ,   37.9815445,   23.3737450,  -136.8, 29.91,     5.5,  26.2,   0.00,   6.26,   10.63,   4.01,   0.57,  -0.00,  -0.02, 292.1, 291.4,  28.7,   0.0,  13.89,  12.95,     0.50,    67.52,  104.00,   42.86,  713.0,    0.04,         ,          ,        ,          ,       ,        ,   126.8,   0,  GPS,  317.8, 110.90, 116.20, 130.875, 121.500,       ,       ,       ,      ,       ,       ,    4.9,      0,  NONE,   NONE,      ,      ,   0.0, 3DDiff, 1852,      ,      8,  11.0,     14
2022-09-05, 06:41:41,  +00:00,       ,   37.9815598,   23.3737144,  -135.8, 29.91,     5.6,  26.2,   0.00,   5.81,   13.87,   3.75,   0.54,  -0.01,   0.02, 292.2, 291.8,  28.7,   0.0,  13.89,  12.94,     0.50,    67.73,  105.80,   42.71,  713.0,    0.04,         ,          ,        ,          ,       ,        ,   126.9,   0,  GPS,  317.8, 110.90, 116.20, 130.875, 121.500,       ,       ,       ,      ,       ,       ,    4.9,      0,  NONE,   NONE,      ,      ,   3.9, 3DDiff, 1852,      ,      8,  10.5,     14
2022-09-05, 06:41:42,  +00:00,       ,   37.9815674,   23.3736916,  -137.8, 29.91,     5.6,  26.2,   0.00,   5.02,   10.68,   3.71,   0.54,  -0.03,   0.02, 292.4, 292.2,  28.7,   0.0,  13.89,  12.91,     0.50,    67.88,  105.80,   42.79,  718.0,    0.04,         ,          ,        ,          ,       ,        ,   126.9,   0,  GPS,  317.8, 110.90, 116.20, 130.875, 121.500,       ,       ,       ,      ,       ,       ,    4.9,      0,  NONE,   NONE,      ,      ,   0.0, 3DDiff, 1852,      ,      8,  11.0,     14
2022-09-05, 06:41:43,  +00:00,       ,   37.9815788,   23.3736649,  -137.8, 29.91,     5.4,  26.2,   0.00,   4.33,   -6.61,   3.55,   0.44,  -0.04,   0.01, 292.0, 292.6,  28.7,   0.0,  13.89,  12.90,     0.48,    68.02,  104.00,   42.64,  713.0,    0.04,         ,          ,        ,          ,       ,        ,   126.7,   0,  GPS,  317.8, 110.90, 116.20, 130.875, 121.500,       ,       ,       ,      ,       ,       ,    4.9,      0,  NONE,   NONE,      ,      ,   0.0, 3DDiff, 1852,      ,      8,  10.5,     14
2022-09-05, 06:41:44,  +00:00,       ,   37.9815826,   23.3736496,  -136.8, 29.91,     5.2,  26.2,   0.00,   3.50,  -11.78,   3.44,   0.51,  -0.03,  -0.01, 292.0, 292.6,  28.7,   0.0,  13.89,  12.90,     0.48,    67.95,  105.80,   42.50,  714.0,    0.04,         ,          ,        ,          ,       ,        ,   126.5,   0,  GPS,  317.8, 110.90, 116.20, 130.875, 121.500,       ,       ,       ,      ,       ,       ,    4.9,      0,  NONE,   NONE,      ,      ,   0.0, 3DDiff, 1852,      ,      8,  11.0,     14
2022-09-05, 06:41:45,  +00:00,       ,   37.9815903,   23.3736382,  -137.8, 29.91,     5.3,  26.2,   0.00,   2.41,   -6.85,   3.22,   0.53,  -0.02,  -0.01, 292.1, 292.4,  28.7,   0.0,  13.89,  12.90,     0.50,    67.81,  105.80,   42.42,  713.0,    0.04,         ,          ,        ,          ,       ,        ,   126.6,   0,  GPS,  317.8, 110.90, 116.20, 130.875, 121.500,       ,       ,       ,      ,       ,       ,    4.9,      0,  NONE,   NONE,      ,      ,   0.0, 3DDiff, 1852,      ,      8,  10.5,     14
2022-09-05, 06:41:46,  +00:00,       ,   37.9815941,   23.3736343,  -136.8, 29.91,     5.3,  26.2,   0.00,   1.01,   -3.20,   3.22,   0.45,  -0.02,  -0.00, 291.8, 292.2,  28.7,   0.0,  13.89,  12.92,     0.50,    67.59,  105.80,   42.57,  714.0,    0.04,         ,          ,        ,          ,       ,        ,   126.6,   0,  GPS,  317.8, 110.90, 116.20, 130.875, 121.500,       ,       ,       ,      ,       ,       ,    4.9,      0,  NONE,   NONE,      ,      ,   0.0, 3DDiff, 1852,      ,      8,  10.5,     14
2022-09-05, 06:41:47,  +00:00,       ,   37.9815941,   23.3736343,  -137.8, 29.91,     5.6,  26.2,   0.00,   0.00,   -2.07,   3.54,   0.51,  -0.00,  -0.03, 291.8, 292.2,  28.7,   0.0,  13.89,  12.95,     0.50,    67.44,  105.80,   42.50,  711.0,    0.04,         ,          ,        ,          ,       ,        ,   126.9,   0,  GPS,  317.8, 110.90, 116.20, 130.875, 121.500,       ,       ,       ,      ,       ,       ,    4.9,      0,  NONE,   NONE,      ,      ,   0.0, 3DDiff, 1852,      ,      8,  10.5,     14
2022-09-05, 06:41:48,  +00:00,       ,   37.9815941,   23.3736343,  -137.8, 29.91,     5.5,  26.2,   0.00,   0.00,   -8.41,   3.65,   0.52,  -0.00,  -0.01, 291.8, 292.2,  28.7,   0.0,  13.89,  12.98,     0.53,    67.15,  105.80,   42.42,  710.0,    0.04,         ,          ,        ,          ,       ,        ,   126.8,   0,  GPS,  317.8, 110.90, 116.20, 130.875, 121.500,       ,       ,       ,      ,       ,       ,    4.9,      0,  NONE,   NONE,      ,      ,   0.0, 3DDiff, 1852,      ,      8,  10.5,     14
2022-09-05, 06:41:49,  +00:00,       ,   37.9815941,   23.3736343,  -137.8, 29.91,     5.6,  26.2,   0.00,   0.00,  -10.91,   3.67,   0.49,  -0.01,  -0.01, 291.8, 292.2,  28.7,   0.0,  13.89,  12.95,     0.53,    66.93,  105.80,   42.50,  712.0,    0.04,         ,          ,        ,          ,       ,        ,   126.9,   0,  GPS,  317.8, 110.90, 116.20, 130.875, 121.500,       ,       ,       ,      ,       ,       ,    4.9,      0,  NONE,   NONE,      ,      ,   0.0, 3DDiff, 1852,      ,      8,  10.5,     13
2022-09-05, 06:41:50,  +00:00,       ,   37.9815941,   23.3736382,  -137.8, 29.91,     5.7,  26.2,   0.00,   0.00,   -5.14,   3.69,   0.48,  -0.00,   0.00, 291.8, 292.2,  28.7,   0.0,  13.89,  12.95,     0.53,    67.15,  105.80,   42.21,  711.0,    0.04,         ,          ,        ,          ,       ,        ,   127.0,   0,  GPS,  317.8, 110.90, 116.20, 130.875, 121.500,       ,       ,       ,      ,       ,       ,    4.9,      0,  NONE,   NONE,      ,      ,   0.0, 3DDiff, 1852,      ,      8,  10.5,     14
2022-09-05, 06:41:51,  +00:00,       ,   37.9815941,   23.3736343,  -137.8, 29.91,     5.2,  26.2,   0.00,   0.00,    4.22,   3.70,   0.46,  -0.01,   0.01, 291.7, 292.2,  28.7,   0.0,  13.89,  12.89,     0.53,    67.08,  105.80,   42.21,  709.0,    0.04,         ,          ,        ,          ,       ,        ,   126.5,   0,  GPS,  317.8, 110.90, 116.20, 130.875, 121.500,       ,       ,       ,      ,       ,       ,    4.9,      0,  NONE,   NONE,      ,      ,   0.0, 3DDiff, 1852,      ,      8,  10.5,     14
2022-09-05, 06:41:52,  +00:00,       ,   37.9815941,   23.3736343,  -137.8, 29.91,     5.0,  26.2,   0.00,   0.00,    2.30,   3.70,   0.44,  -0.01,   0.00, 291.8, 292.2,  28.7,   0.0,  13.89,  12.83,     0.53,    67.01,  105.80,   42.13,  708.0,    0.04,         ,          ,        ,          ,       ,        ,   126.3,   0,  GPS,  317.8, 110.90, 116.20, 130.875, 121.500,       ,       ,       ,      ,       ,       ,    4.9,      0,  NONE,   NONE,      ,      ,   0.0, 3DDiff, 1852,      ,      8,  10.5,     14
2022-09-05, 06:41:53,  +00:00,       ,   37.9815941,   23.3736343,  -138.8, 29.91,     5.0,  26.2,   0.00,   0.00,   -6.26,   3.70,   0.47,  -0.01,  -0.00, 291.8, 292.2,  28.7,   0.0,  13.89,  12.80,     0.53,    67.15,  105.80,   42.71,  715.0,    0.04,         ,          ,        ,          ,       ,        ,   126.3,   0,  GPS,  317.8, 110.90, 116.20, 130.875, 121.500,       ,       ,       ,      ,       ,       ,    4.9,      0,  NONE,   NONE,      ,      ,   0.0, 3DDiff, 1852,      ,      8,  10.5,     13
2022-09-05, 06:41:54,  +00:00,       ,   37.9815941,   23.3736343,  -137.8, 29.91,     5.0,  26.2,   0.00,   0.00,  -10.29,   3.70,   0.46,  -0.01,  -0.00, 291.7, 292.2,  28.7,   0.0,  13.89,  12.78,     0.53,    67.08,  105.80,   42.28,  710.0,    0.04,         ,          ,        ,          ,       ,        ,   126.3,   0,  GPS,  317.8, 110.90, 116.20, 130.875, 121.500,       ,       ,       ,      ,       ,       ,    4.9,      0,  NONE,   NONE,      ,      ,   0.0, 3DDiff, 1852,      ,      8,  10.5,     14
2022-09-05, 06:41:55,  +00:00,       ,   37.9815941,   23.3736343,  -136.8, 29.91,     5.4,  26.2,   0.00,   0.00,   -2.80,   3.68,   0.47,  -0.00,  -0.00, 291.7, 292.2,  28.7,   0.0,  13.89,  12.79,     0.53,    67.22,  105.80,   42.57,  713.0,    0.04,         ,          ,        ,          ,       ,        ,   126.7,   0,  GPS,  317.8, 110.90, 116.20, 130.875, 121.500,       ,       ,       ,      ,       ,       ,    4.9,      0,  NONE,   NONE,      ,      ,   0.0, 3DDiff, 1852,      ,      8,  10.5,     14
2022-09-05, 06:41:56,  +00:00,       ,   37.9815941,   23.3736343,  -135.8, 29.91,     5.4,  26.2,   0.00,   0.00,   15.85,   3.68,   0.45,  -0.01,   0.00, 291.7, 292.2,  28.7,   0.0,  13.89,  12.79,     0.53,    67.37,  105.80,   42.86,  711.0,    0.04,         ,          ,        ,          ,       ,        ,   126.7,   0,  GPS,  317.8, 110.90, 116.20, 130.875, 121.500,       ,       ,       ,      ,       ,       ,    4.9,      0,  NONE,   NONE,      ,      ,   3.9, 3DDiff, 1852,      ,      8,  10.5,     13
2022-09-05, 06:41:57,  +00:00,       ,   37.9815941,   23.3736343,  -135.8, 29.91,     5.5,  26.2,   0.00,   0.00,   32.85,   3.71,   0.44,  -0.01,   0.00, 291.7, 292.2,  28.7,   0.0,  13.89,  12.79,     0.53,    67.81,  105.80,   42.79,  711.0,    0.04,         ,          ,        ,          ,       ,        ,   126.8,   0,  GPS,  317.8, 110.90, 116.20, 130.875, 121.500,       ,       ,       ,      ,       ,       ,    4.9,      0,  NONE,   NONE,      ,      ,   0.0, 3DDiff, 1852,      ,      8,  10.5,     13
2022-09-05, 06:41:58,  +00:00,       ,   37.9815941,   23.3736343,  -136.8, 29.91,     5.5,  26.2,   0.00,   0.00,   27.09,   3.68,   0.46,  -0.01,  -0.00, 291.7, 292.2,  28.7,   0.0,  13.89,  12.79,     0.53,    67.73,  105.80,   42.86,  705.0,    0.04,         ,          ,        ,          ,       ,        ,   126.8,   0,  GPS,  317.8, 110.90, 116.20, 130.875, 121.500,       ,       ,       ,      ,       ,       ,    4.9,      0,  NONE,   NONE,      ,      ,   0.0, 3DDiff, 1852,      ,      8,  10.5,     14
2022-09-05, 06:41:59,  +00:00,       ,   37.9815941,   23.3736343,  -137.8, 29.91,     5.4,  26.2,   0.00,   0.00,    4.13,   3.68,   0.45,  -0.01,  -0.00, 291.7, 292.2,  28.7,   0.0,  13.89,  12.78,     0.53,    67.59,  105.80,   42.93,  705.0,    0.04,         ,          ,        ,          ,       ,        ,   126.8,   0,  GPS,  317.8, 110.90, 116.20, 130.875, 121.500,       ,       ,       ,      ,       ,       ,    4.9,      0,  NONE,   NONE,      ,      ,   0.0, 3DDiff, 1852,      ,      8,  10.5,     14
2022-09-05, 06:42:00,  +00:00,       ,   37.9815941,   23.3736343,  -137.8, 29.91,     5.4,  26.2,   0.00,   0.00,  -15.37,   3.69,   0.43,  -0.01,   0.00, 291.6, 292.2,  28.7,   0.0,  13.89,  12.77,     0.53,    67.30,  105.80,   42.79,  709.0,    0.04,         ,          ,        ,          ,       ,        ,   126.7,   0,  GPS,  317.8, 110.90, 116.20, 130.875, 121.500,       ,       ,       ,      ,       ,       ,    4.9,      0,  NONE,   NONE,      ,      ,   0.0, 3DDiff, 1852,      ,      8,  10.5,     13
2022-09-05, 06:42:01,  +00:00,       ,   37.9815941,   23.3736343,  -137.8, 29.91,     5.5,  26.2,   0.00,   0.00,  -19.93,   3.67,   0.47,  -0.01,  -0.01, 291.6, 292.2,  28.7,   0.0,  13.89,  12.76,     0.53,    67.37,  105.80,   42.86,  704.0,    0.04,         ,          ,        ,          ,       ,        ,   126.8,   0,  GPS,  317.8, 110.90, 116.20, 130.875, 121.500,       ,       ,       ,      ,       ,       ,    4.9,      0,  NONE,   NONE,      ,      ,   0.0, 3DDiff, 1852,      ,      8,  10.5,     13
2022-09-05, 06:42:02,  +00:00,       ,   37.9815941,   23.3736343,  -137.8, 29.91,     5.9,  26.2,   0.00,   0.00,  -10.99,   3.68,   0.46,  -0.00,   0.00, 291.6, 292.2,  28.7,   0.0,  13.89,  12.76,     0.50,    67.73,  107.60,   42.79,  707.0,    0.04,         ,          ,        ,          ,       ,        ,   127.2,   0,  GPS,  317.8, 110.90, 116.20, 130.875, 121.500,       ,       ,       ,      ,       ,       ,    4.9,      0,  NONE,   NONE,      ,      ,   3.9, 3DDiff, 1852,      ,      8,  10.5,     13
2022-09-05, 06:42:03,  +00:00,       ,   37.9815941,   23.3736343,  -137.8, 29.91,     5.5,  26.2,   0.00,   0.00,   -0.16,   3.72,   0.45,  -0.01,   0.00, 291.6, 292.2,  28.7,   0.0,  13.89,  12.76,     0.50,    67.66,  107.60,   42.86,  708.0,    0.04,         ,          ,        ,          ,       ,        ,   126.8,   0,  GPS,  317.8, 110.90, 116.20, 130.875, 121.500,       ,       ,       ,      ,       ,       ,    4.9,      0,  NONE,   NONE,      ,      ,   0.0, 3DDiff, 1852,      ,      8,  10.5,     13
2022-09-05, 06:42:04,  +00:00,       ,   37.9815941,   23.3736343,  -138.8, 29.91,     5.2,  26.2,   0.00,   0.00,   -4.41,   3.69,   0.46,  -0.01,  -0.00, 291.6, 292.2,  28.7,   0.0,  13.89,  12.76,     0.50,    67.44,  107.60,   42.79,  708.0,    0.04,         ,          ,        ,          ,       ,        ,   126.5,   0,  GPS,  317.8, 110.90, 116.20, 130.875, 121.500,       ,       ,       ,      ,       ,       ,    4.9,      0,  NONE,   NONE,      ,      ,   0.0, 3DDiff, 1852,      ,      8,  10.5,     13
2022-09-05, 06:42:05,  +00:00,       ,   37.9815941,   23.3736343,  -137.8, 29.91,     5.3,  26.2,   0.00,   0.00,   -8.00,   3.69,   0.44,  -0.01,  -0.00, 291.6, 292.2,  28.7,   0.0,  13.89,  12.77,     0.50,    67.15,  107.60,   42.35,  709.0,    0.04,         ,          ,        ,          ,       ,        ,   126.6,   0,  GPS,  317.8, 110.90, 116.20, 130.875, 121.500,       ,       ,       ,      ,       ,       ,    4.9,      0,  NONE,   NONE,      ,      ,   0.0, 3DDiff, 1852,      ,      8,  10.5,     13
2022-09-05, 06:42:06,  +00:00,       ,   37.9815941,   23.3736343,  -137.8, 29.91,     5.0,  26.2,   0.00,   0.00,   -4.75,   3.68,   0.45,  -0.00,  -0.00, 291.6, 292.2,  28.6,   0.0,  13.89,  12.77,     0.50,    67.08,  107.60,   42.35,  707.0,    0.04,         ,          ,        ,          ,       ,        ,   126.3,   0,  GPS,  317.8, 110.90, 116.20, 130.875, 121.500,       ,       ,       ,      ,       ,       ,    4.9,      0,  NONE,   NONE,      ,      ,   0.0, 3DDiff, 1852,      ,      8,  10.5,     13
2022-09-05, 06:42:07,  +00:00,       ,   37.9815941,   23.3736343,  -137.8, 29.91,     5.5,  26.2,   0.00,   0.00,   -2.16,   3.68,   0.41,  -0.01,   0.00, 291.6, 292.2,  28.6,   0.0,  13.89,  12.77,     0.63,    67.30,  107.60,   42.71,  749.0,    0.05,         ,          ,        ,          ,       ,        ,   126.8,   0,  GPS,  317.8, 110.90, 116.20, 130.875, 121.500,       ,       ,       ,      ,       ,       ,    4.9,      0,  NONE,   NONE,      ,      ,   0.0, 3DDiff, 1852,      ,      8,  10.5,     13
2022-09-05, 06:42:08,  +00:00,       ,   37.9815941,   23.3736343,  -137.8, 29.91,     5.7,  26.2,   0.00,   0.00,   -0.87,   3.64,   0.42,  -0.01,  -0.00, 291.6, 292.2,  28.6,   0.0,  13.89,  12.77,     0.66,    67.44,  107.60,   45.25,  782.0,    0.06,         ,          ,        ,          ,       ,        ,   127.0,   0,  GPS,  317.8, 110.90, 116.20, 130.875, 121.500,       ,       ,       ,      ,       ,       ,    4.9,      0,  NONE,   NONE,      ,      ,   0.0, 3DDiff, 1852,      ,      8,  10.5,     13
2022-09-05, 06:42:09,  +00:00,       ,   37.9815941,   23.3736343,  -137.8, 29.91,     6.0,  26.2,   0.00,   0.00,   -0.33,   3.63,   0.44,  -0.00,   0.00, 291.5, 292.2,  28.6,   0.0,  13.89,  12.77,     0.69,    67.52,  107.60,   47.50,  826.0,    0.06,         ,          ,        ,          ,       ,        ,   127.3,   0,  GPS,  317.8, 110.90, 116.20, 130.875, 121.500,       ,       ,       ,      ,       ,       ,    4.9,      0,  NONE,   NONE,      ,      ,   0.0, 3DDiff, 1852,      ,      8,  10.5,     13
2022-09-05, 06:42:10,  +00:00,       ,   37.9815941,   23.3736343,  -135.8, 29.91,     6.1,  26.2,   0.00,   0.00,    6.97,   3.60,   0.44,  -0.01,   0.00, 291.5, 292.2,  28.6,   0.0,  13.89,  12.77,     0.79,    67.37,  107.60,   50.18,  880.0,    0.09,         ,          ,        ,          ,       ,        ,   127.4,   0,  GPS,  317.8, 110.90, 116.20, 130.875, 121.500,       ,       ,       ,      ,       ,       ,    4.9,      0,  NONE,   NONE,      ,      ,   0.0, 3DDiff, 1852,      ,      8,  10.5,     13
2022-09-05, 06:42:11,  +00:00,       ,   37.9815941,   23.3736343,  -135.8, 29.91,     5.6,  26.2,   0.00,   0.00,   28.43,   3.57,   0.41,  -0.01,  -0.00, 291.5, 292.2,  28.6,   0.0,  13.89,  12.77,     0.95,    67.01,  107.60,   55.19,  985.0,    0.12,         ,          ,        ,          ,       ,        ,   126.9,   0,  GPS,  317.8, 110.90, 116.20, 130.875, 121.500,       ,       ,       ,      ,       ,       ,    4.9,      0,  NONE,   NONE,      ,      ,   0.0, 3DDiff, 1852,      ,      8,  10.0,     13
2022-09-05, 06:42:12,  +00:00,       ,   37.9815941,   23.3736343,  -137.8, 29.91,     5.1,  26.2,   0.00,   0.00,   17.76,   3.47,   0.37,  -0.01,   0.00, 291.5, 292.2,  28.6,   0.0,  13.89,  12.77,     1.22,    66.93,  107.60,   62.15, 1101.0,    0.15,         ,          ,        ,          ,       ,        ,   126.4,   0,  GPS,  317.8, 110.90, 116.20, 130.875, 121.500,       ,       ,       ,      ,       ,       ,    4.9,      0,  NONE,   NONE,      ,      ,   0.0, 3DDiff, 1852,      ,      8,  10.5,     13
2022-09-05, 06:42:13,  +00:00,       ,   37.9815941,   23.3736343,  -136.8, 29.91,     4.8,  26.2,   0.00,   0.00,    4.31,   3.20,   0.41,  -0.01,  -0.01, 291.5, 292.2,  28.6,   0.0,  13.89,  12.77,     1.48,    67.15,  109.40,   69.11, 1207.0,    0.18,         ,          ,        ,          ,       ,        ,   126.0,   0,  GPS,  317.8, 110.90, 116.20, 130.875, 121.500,       ,       ,       ,      ,       ,       ,    4.9,      0,  NONE,   NONE,      ,      ,   0.0, 3DDiff, 1852,      ,      8,  10.5,     13
2022-09-05, 06:42:14,  +00:00,       ,   37.9815941,   23.3736343,  -136.8, 29.91,     4.7,  26.2,   0.00,   0.00,    5.35,   3.25,   0.43,  -0.00,  -0.00, 291.5, 292.2,  28.6,   0.0,  13.89,  12.77,     1.51,    67.08,  109.40,   72.81, 1239.0,    0.18,         ,          ,        ,          ,       ,        ,   126.0,   0,  GPS,  317.8, 110.90, 116.20, 130.875, 121.500,       ,       ,       ,      ,       ,       ,    4.9,      0,  NONE,   NONE,      ,      ,   0.0, 3DDiff, 1852,      ,      8,  10.5,     13
2022-09-05, 06:42:15,  +00:00,       ,   37.9815941,   23.3736343,  -135.8, 29.91,     5.0,  26.2,   0.00,   0.00,    4.26,   3.27,   0.38,  -0.02,  -0.00, 291.5, 292.2,  28.6,   0.0,  13.89,  12.77,     1.53,    66.93,  109.40,   74.26, 1246.0,    0.18,         ,          ,        ,          ,       ,        ,   126.3,   0,  GPS,  317.8, 110.90, 116.20, 130.875, 121.500,       ,       ,       ,      ,       ,       ,    4.9,      0,  NONE,   NONE,      ,      ,   0.0, 3DDiff, 1852,      ,      8,  10.0,     13
2022-09-05, 06:42:16,  +00:00,       ,   37.9815941,   23.3736343,  -135.8, 29.91,     5.1,  26.2,   0.00,   0.00,   13.43,   3.30,   0.45,  -0.00,   0.01, 291.5, 292.2,  28.5,   0.0,  13.89,  12.78,     1.51,    67.01,  109.40,   74.69, 1246.0,    0.18,         ,          ,        ,          ,       ,        ,   126.4,   0,  GPS,  317.8, 110.90, 116.20, 130.875, 121.500,       ,       ,       ,      ,       ,       ,    4.9,      0,  NONE,   NONE,      ,      ,   0.0, 3DDiff, 1852,      ,      8,  10.5,     13
2022-09-05, 06:42:17,  +00:00,       ,   37.9815941,   23.3736343,  -136.8, 29.91,     5.4,  26.2,   0.00,   0.00,   13.34,   3.21,   0.40,   0.00,  -0.02, 291.5, 292.2,  28.5,   0.0,  13.89,  12.78,     1.53,    66.64,  109.40,   74.98, 1251.0,    0.18,         ,          ,        ,          ,       ,        ,   126.7,   0,  GPS,  317.8, 110.90, 116.20, 130.875, 121.500,       ,       ,       ,      ,       ,       ,    4.9,      0,  NONE,   NONE,      ,      ,   0.0, 3DDiff, 1852,      ,      8,  10.5,     12
2022-09-05, 06:42:18,  +00:00,       ,   37.9815941,   23.3736343,  -136.8, 29.91,     5.5,  26.2,   0.00,   0.00,    0.65,   3.26,   0.37,  -0.01,   0.01, 291.5, 292.2,  28.5,   0.0,  13.89,  12.79,     1.53,    66.72,  109.40,   74.62, 1251.0,    0.18,         ,          ,        ,          ,       ,        ,   126.8,   0,  GPS,  317.8, 110.90, 116.20, 130.875, 121.500,       ,       ,       ,      ,       ,       ,    4.9,      0,  NONE,   NONE,      ,      ,   0.0, 3DDiff, 1852,      ,      8,  10.5,     13
2022-09-05, 06:42:19,  +00:00,       ,   37.9815941,   23.3736343,  -135.8, 29.91,     5.4,  26.2,   0.00,   0.00,   -3.74,   3.35,   0.37,  -0.01,   0.02, 291.5, 292.2,  28.5,   0.0,  13.89,  12.79,     1.53,    66.86,  109.40,   74.62, 1253.0,    0.18,         ,          ,        ,          ,       ,        ,   126.7,   0,  GPS,  317.8, 110.90, 116.20, 130.875, 121.500,       ,       ,       ,      ,       ,       ,    4.9,      0,  NONE,   NONE,      ,      ,   0.0, 3DDiff, 1852,      ,      8,  10.0,     13
2022-09-05, 06:42:20,  +00:00,       ,   37.9815941,   23.3736343,  -134.8, 29.91,     5.3,  26.2,   0.00,   0.00,   12.05,   3.35,   0.37,  -0.01,   0.00, 291.5, 292.2,  28.5,   0.0,  13.89,  12.79,     1.53,    66.64,  109.40,   74.40, 1251.0,    0.18,         ,          ,        ,          ,       ,        ,   126.6,   0,  GPS,  317.8, 110.90, 116.20, 130.875, 121.500,       ,       ,       ,      ,       ,       ,    4.9,      0,  NONE,   NONE,      ,      ,   0.0, 3DDiff, 1852,      ,      8,  10.5,     13
2022-09-05, 06:42:21,  +00:00,       ,   37.9815941,   23.3736343,  -135.8, 29.91,     5.2,  26.2,   0.00,   0.00,   17.95,   3.30,   0.40,  -0.01,   0.01, 291.5, 292.2,  28.5,   0.0,  13.89,  12.79,     1.53,    66.79,  109.40,   74.84, 1247.0,    0.18,         ,          ,        ,          ,       ,        ,   126.5,   0,  GPS,  317.8, 110.90, 116.20, 130.875, 121.500,       ,       ,       ,      ,       ,       ,    4.9,      0,  NONE,   NONE,      ,      ,   0.0, 3DDiff, 1852,      ,      8,  10.5,     12
2022-09-05, 06:42:22,  +00:00,       ,   37.9815941,   23.3736343,  -136.8, 29.91,     5.1,  26.2,   0.00,   0.00,   11.08,   3.30,   0.36,  -0.00,  -0.00, 291.5, 292.2,  28.5,   0.0,  13.89,  12.80,     1.53,    66.86,  109.40,   74.26, 1251.0,    0.18,         ,          ,        ,          ,       ,        ,   126.4,   0,  GPS,  317.8, 110.90, 116.20, 130.875, 121.500,       ,       ,       ,      ,       ,       ,    4.9,      0,  NONE,   NONE,      ,      ,   0.0, 3DDiff, 1852,      ,      8,  10.5,     13
2022-09-05, 06:42:23,  +00:00,       ,   37.9815941,   23.3736343,  -136.8, 29.91,     5.1,  26.2,   0.00,   0.00,   -8.77,   3.24,   0.40,  -0.01,   0.00, 291.5, 292.2,  28.5,   0.0,  13.89,  12.80,     1.53,    66.57,  109.40,   74.40, 1256.0,    0.18,         ,          ,        ,          ,       ,        ,   126.4,   0,  GPS,  317.8, 110.90, 116.20, 130.875, 121.500,       ,       ,       ,      ,       ,       ,    4.9,      0,  NONE,   NONE,      ,      ,   0.0, 3DDiff, 1852,      ,      8,  10.0,     13
2022-09-05, 06:42:24,  +00:00,       ,   37.9815941,   23.3736343,  -135.8, 29.91,     5.3,  26.2,   0.00,   0.00,  -11.67,   3.24,   0.38,  -0.00,  -0.02, 291.5, 292.2,  28.5,   0.0,  13.89,  12.80,     1.53,    66.64,  109.40,   74.26, 1252.0,    0.18,         ,          ,        ,          ,       ,        ,   126.6,   0,  GPS,  317.8, 110.90, 116.20, 130.875, 121.500,       ,       ,       ,      ,       ,       ,    4.9,      0,  NONE,   NONE,      ,      ,   0.0, 3DDiff, 1852,      ,      8,  10.5,     12
2022-09-05, 06:42:25,  +00:00,       ,   37.9815941,   23.3736343,  -134.8, 29.91,     5.1,  26.2,   0.00,   0.00,    7.05,   3.24,   0.40,   0.01,  -0.00, 291.5, 292.2,  28.5,   0.0,  13.89,  12.81,     1.53,    66.72,  111.20,   74.26, 1249.0,    0.18,         ,          ,        ,          ,       ,        ,   126.4,   0,  GPS,  317.8, 110.90, 116.20, 130.875, 121.500,       ,       ,       ,      ,       ,       ,    4.9,      0,  NONE,   NONE,      ,      ,   0.0, 3DDiff, 1852,      ,      8,  10.0,     12
2022-09-05, 06:42:26,  +00:00,       ,   37.9815941,   23.3736343,  -135.8, 29.91,     5.2,  26.2,   0.00,   0.00,   15.58,   3.23,   0.37,  -0.00,  -0.01, 291.5, 292.2,  28.5,   0.0,  13.89,  12.81,     1.53,    67.15,  111.20,   73.82, 1249.0,    0.18,         ,          ,        ,          ,       ,        ,   126.5,   0,  GPS,  317.8, 110.90, 116.20, 130.875, 121.500,       ,       ,       ,      ,       ,       ,    4.9,      0,  NONE,   NONE,      ,      ,   0.0, 3DDiff, 1852,      ,      8,  10.5,     13
2022-09-05, 06:42:27,  +00:00,       ,   37.9815941,   23.3736343,  -135.8, 29.91,     5.1,  26.5,   0.00,   0.00,    6.31,   3.19,   0.42,   0.01,  -0.00, 291.5, 292.2,  28.5,   0.0,  13.89,  12.81,     1.51,    66.79,  111.20,   74.33, 1249.0,    0.18,         ,          ,        ,          ,       ,        ,   126.4,   0,  GPS,  317.8, 110.90, 116.20, 130.875, 121.500,       ,       ,       ,      ,       ,       ,    4.9,      0,  NONE,   NONE,      ,      ,   0.0, 3DDiff, 1852,      ,      8,  10.0,     13
2022-09-05, 06:42:28,  +00:00,       ,   37.9815979,   23.3736324,  -135.8, 29.91,     4.4,  26.5,   0.00,   0.00,   -2.49,   3.25,   0.36,  -0.00,   0.02, 291.5, 292.2,  28.5,   0.0,  13.89,  12.82,     1.53,    66.64,  111.20,   73.75, 1252.0,    0.18,         ,          ,        ,          ,       ,        ,   125.7,   0,  GPS,  317.8, 110.90, 116.20, 130.875, 121.500,       ,       ,       ,      ,       ,       ,    4.9,      0,  NONE,   NONE,      ,      ,   0.0, 3DDiff, 1852,      ,      8,  10.5,     12
2022-09-05, 06:42:29,  +00:00,       ,   37.9815979,   23.3736324,  -135.8, 29.91,     4.6,  26.5,   0.00,   0.00,   -2.31,   3.28,   0.44,   0.00,   0.02, 291.5, 292.2,  28.5,   0.0,  13.89,  12.82,     1.53,    66.64,  111.20,   74.11, 1243.0,    0.18,         ,          ,        ,          ,       ,        ,   125.9,   0,  GPS,  317.8, 110.90, 116.20, 130.875, 121.500,       ,       ,       ,      ,       ,       ,    4.9,      0,  NONE,   NONE,      ,      ,   0.0, 3DDiff, 1852,      ,      8,  10.0,     12
2022-09-05, 06:42:30,  +00:00,       ,   37.9815979,   23.3736324,  -136.8, 29.91,     4.8,  26.5,   0.00,   0.00,   -0.87,   3.26,   0.40,  -0.01,   0.02, 291.5, 292.2,  28.5,   0.0,  13.89,  12.82,     1.53,    66.93,  111.20,   73.75, 1249.0,    0.18,         ,          ,        ,          ,       ,        ,   126.1,   0,  GPS,  317.8, 110.90, 116.20, 130.875, 121.500,       ,       ,       ,      ,       ,       ,    4.9,      0,  NONE,   NONE,      ,      ,  11.8, 3DDiff, 1852,      ,      8,  10.5,     13
2022-09-05, 06:42:31,  +00:00,       ,   37.9815979,   23.3736324,  -137.8, 29.91,     5.0,  26.5,   0.00,   0.00,  -17.69,   3.12,   0.37,  -0.01,  -0.01, 291.4, 292.2,  28.5,   0.0,  13.89,  12.82,     1.51,    66.72,  111.20,   73.39, 1238.0,    0.18,         ,          ,        ,          ,       ,        ,   126.3,   0,  GPS,  317.8, 110.90, 116.20, 130.875, 121.500,       ,       ,       ,      ,       ,       ,    4.9,      0,  NONE,   NONE,      ,      ,   0.0, 3DDiff, 1852,      ,      8,  10.0,     13
2022-09-05, 06:42:32,  +00:00,       ,   37.9815941,   23.3736324,  -136.8, 29.91,     5.5,  26.5,   0.00,   0.00,  -22.02,   3.21,   0.42,  -0.01,  -0.00, 291.5, 292.2,  28.5,   0.0,  13.89,  12.82,     1.51,    66.79,  111.20,   73.10, 1238.0,    0.18,         ,          ,        ,          ,       ,        ,   126.8,   0,  GPS,  317.8, 110.90, 116.20, 130.875, 121.500,       ,       ,       ,      ,       ,       ,    4.9,      0,  NONE,   NONE,      ,      ,   0.0, 3DDiff, 1852,      ,      8,  10.5,     12
2022-09-05, 06:42:33,  +00:00,       ,   37.9815941,   23.3736324,  -136.8, 29.91,     5.6,  26.5,   0.00,   0.00,  -19.47,   3.20,   0.37,  -0.01,   0.00, 291.4, 292.2,  28.5,   0.0,  13.89,  12.82,     1.51,    66.86,  111.20,   73.39, 1243.0,    0.18,         ,          ,        ,          ,       ,        ,   126.9,   0,  GPS,  317.8, 110.90, 116.20, 130.875, 121.500,       ,       ,       ,      ,       ,       ,    4.9,      0,  NONE,   NONE,      ,      ,   0.0, 3DDiff, 1852,      ,      8,  10.0,     12
2022-09-05, 06:42:34,  +00:00,       ,   37.9815941,   23.3736324,  -136.8, 29.91,     5.7,  26.5,   0.00,   0.00,  -14.21,   3.14,   0.36,  -0.01,  -0.00, 291.5, 292.2,  28.5,   0.0,  13.89,  12.82,     1.53,    66.79,  111.20,   73.61, 1248.0,    0.18,         ,          ,        ,          ,       ,        ,   127.0,   0,  GPS,  317.8, 110.90, 116.20, 130.875, 121.500,       ,       ,       ,      ,       ,       ,    4.9,      0,  NONE,   NONE,      ,      ,   0.0, 3DDiff, 1852,      ,      8,  10.0,     13
2022-09-05, 06:42:35,  +00:00,       ,   37.9815941,   23.3736343,  -137.8, 29.91,     5.5,  26.5,   0.00,   0.00,  -12.46,   3.24,   0.38,   0.00,   0.01, 291.5, 292.2,  28.5,   0.0,  13.89,  12.82,     1.53,    66.79,  113.00,   73.10, 1249.0,    0.18,         ,          ,        ,          ,       ,        ,   126.8,   0,  GPS,  317.8, 110.90, 116.20, 130.875, 121.500,       ,       ,       ,      ,       ,       ,    4.9,      0,  NONE,   NONE,      ,      ,   0.0, 3DDiff, 1852,      ,      8,  10.0,     13
2022-09-05, 06:42:36,  +00:00,       ,   37.9815941,   23.3736324,  -135.8, 29.91,     5.3,  26.5,   0.00,   0.00,   -0.01,   3.26,   0.36,  -0.01,   0.01, 291.4, 292.2,  28.5,   0.0,  13.89,  12.82,     1.53,    67.08,  113.00,   73.68, 1256.0,    0.18,         ,          ,        ,          ,       ,        ,   126.6,   0,  GPS,  317.8, 110.90, 116.20, 130.875, 121.500,       ,       ,       ,      ,       ,       ,    4.9,      0,  NONE,   NONE,      ,      ,   0.0, 3DDiff, 1852,      ,      8,  10.0,     12
2022-09-05, 06:42:37,  +00:00,       ,   37.9815941,   23.3736324,  -136.8, 29.91,     5.4,  26.5,   0.00,   0.00,    6.21,   3.22,   0.37,   0.00,  -0.02, 291.5, 292.2,  28.5,   0.0,  13.89,  12.82,     1.53,    66.50,  113.00,   73.46, 1260.0,    0.18,         ,          ,        ,          ,       ,        ,   126.7,   0,  GPS,  317.8, 110.90, 116.20, 130.875, 121.500,       ,       ,       ,      ,       ,       ,    4.9,      0,  NONE,   NONE,      ,      ,   0.0, 3DDiff, 1852,      ,      8,  10.0,     12
2022-09-05, 06:42:38,  +00:00,       ,   37.9815941,   23.3736324,  -136.8, 29.91,     5.3,  26.5,   0.00,   0.00,   10.18,   3.25,   0.40,   0.00,   0.01, 291.5, 292.2,  28.5,   0.0,  13.89,  12.82,     1.53,    66.86,  113.00,   73.10, 1251.0,    0.18,         ,          ,        ,          ,       ,        ,   126.6,   0,  GPS,  317.8, 110.90, 116.20, 130.875, 121.500,       ,       ,       ,      ,       ,       ,    4.9,      0,  NONE,   NONE,      ,      ,   0.0, 3DDiff, 1852,      ,      8,  10.0,     13
2022-09-05, 06:42:39,  +00:00,       ,   37.9815941,   23.3736324,  -138.8, 29.91,     5.5,  26.5,   0.00,   0.00,   -5.46,   3.24,   0.37,  -0.00,   0.01, 291.5, 292.2,  28.5,   0.0,  13.89,  12.81,     1.53,    66.86,  113.00,   72.66, 1253.0,    0.18,         ,          ,        ,          ,       ,        ,   126.8,   0,  GPS,  317.8, 110.90, 116.20, 130.875, 121.500,       ,       ,       ,      ,       ,       ,    4.9,      0,  NONE,   NONE,      ,      ,   0.0, 3DDiff, 1852,      ,      8,  10.0,     13
2022-09-05, 06:42:40,  +00:00,       ,   37.9815941,   23.3736324,  -139.8, 29.91,     5.2,  26.5,   0.00,   0.00,  -27.43,   3.22,   0.42,  -0.00,  -0.00, 291.5, 292.2,  28.5,   0.0,  13.89,  12.81,     1.53,    66.64,  113.00,   72.59, 1253.0,    0.18,         ,          ,        ,          ,       ,        ,   126.5,   0,  GPS,  317.8, 110.90, 116.20, 130.875, 121.500,       ,       ,       ,      ,       ,       ,    4.9,      0,  NONE,   NONE,      ,      ,   0.0, 3DDiff, 1852,      ,      8,  10.0,     12
2022-09-05, 06:42:41,  +00:00,       ,   37.9815941,   23.3736324,  -139.8, 29.91,     5.3,  26.5,   0.00,   0.00,  -41.28,   3.25,   0.33,  -0.01,  -0.01, 291.5, 292.2,  28.5,   0.0,  13.89,  12.81,     1.53,    66.72,  113.00,   72.30, 1249.0,    0.18,         ,          ,        ,          ,       ,        ,   126.6,   0,  GPS,  317.8, 110.90, 116.20, 130.875, 121.500,       ,       ,       ,      ,       ,       ,    4.9,      0,  NONE,   NONE,      ,      ,   0.0, 3DDiff, 1852,      ,      8,  10.0,     12
2022-09-05, 06:42:42,  +00:00,       ,   37.9815941,   23.3736324,  -138.8, 29.91,     5.3,  26.5,   0.00,   0.00,  -28.46,   3.28,   0.45,   0.00,   0.00, 291.5, 292.2,  28.5,   0.0,  13.89,  12.81,     1.53,    66.64,  113.00,   72.37, 1250.0,    0.18,         ,          ,        ,          ,       ,        ,   126.6,   0,  GPS,  317.8, 110.90, 116.20, 130.875, 121.500,       ,       ,       ,      ,       ,       ,    4.9,      0,  NONE,   NONE,      ,      ,   0.0, 3DDiff, 1852,      ,      8,  10.0,     13
2022-09-05, 06:42:43,  +00:00,       ,   37.9815979,   23.3736324,  -138.8, 29.91,     4.8,  26.5,   0.00,   0.00,  -10.90,   3.25,   0.41,  -0.02,  -0.01, 291.4, 292.2,  28.5,   0.0,  13.89,  12.82,     1.53,    67.01,  113.00,   72.52, 1247.0,    0.18,         ,          ,        ,          ,       ,        ,   126.1,   0,  GPS,  317.8, 110.90, 116.20, 130.875, 121.500,       ,       ,       ,      ,       ,       ,    4.9,      0,  NONE,   NONE,      ,      ,   0.0, 3DDiff, 1852,      ,      8,  10.0,     13
2022-09-05, 06:42:44,  +00:00,       ,   37.9815979,   23.3736324,  -140.8, 29.91,     4.8,  26.5,   0.00,   0.00,  -16.25,   3.23,   0.36,  -0.01,   0.00, 291.4, 292.2,  28.5,   0.0,  13.89,  12.82,     1.51,    66.93,  113.00,   72.16, 1245.0,    0.18,         ,          ,        ,          ,       ,        ,   126.1,   0,  GPS,  317.8, 110.90, 116.20, 130.875, 121.500,       ,       ,       ,      ,       ,       ,    4.9,      0,  NONE,   NONE,      ,      ,   0.0, 3DDiff, 1852,      ,      8,  10.0,     12
2022-09-05, 06:42:45,  +00:00,       ,   37.9815979,   23.3736324,  -137.8, 29.91,     4.8,  26.5,   0.00,   0.00,  -17.09,   3.19,   0.47,   0.00,   0.00, 291.5, 292.2,  28.5,   0.0,  13.89,  12.82,     1.51,    67.01,  113.00,   72.08, 1235.0,    0.18,         ,          ,        ,          ,       ,        ,   126.1,   0,  GPS,  317.8, 110.90, 116.20, 130.875, 121.500,       ,       ,       ,      ,       ,       ,    4.9,      0,  NONE,   NONE,      ,      ,   0.0, 3DDiff, 1852,      ,      8,  10.0,     12
2022-09-05, 06:42:46,  +00:00,       ,   37.9815979,   23.3736324,  -136.8, 29.91,     4.8,  26.5,   0.00,   0.00,   17.31,   3.19,   0.41,  -0.00,  -0.00, 291.5, 292.2,  28.5,   0.0,  13.89,  12.82,     1.51,    66.79,  114.80,   71.87, 1234.0,    0.18,         ,          ,        ,          ,       ,        ,   126.1,   0,  GPS,  317.8, 110.90, 116.20, 130.875, 121.500,       ,       ,       ,      ,       ,       ,    4.9,      0,  NONE,   NONE,      ,      ,   0.0, 3DDiff, 1852,      ,      8,  10.0,     13
2022-09-05, 06:42:47,  +00:00,       ,   37.9815941,   23.3736324,  -137.8, 29.91,     4.9,  26.5,   0.00,   0.00,   22.91,   3.09,   0.51,   0.00,   0.00, 291.5, 292.2,  28.5,   0.0,  13.89,  12.82,     1.51,    66.86,  114.80,   70.71, 1228.0,    0.18,         ,          ,        ,          ,       ,        ,   126.2,   0,  GPS,  317.8, 110.90, 116.20, 130.875, 121.500,       ,       ,       ,      ,       ,       ,    4.9,      0,  NONE,   NONE,      ,      ,   0.0, 3DDiff, 1852,      ,      8,  10.0,     13
2022-09-05, 06:42:48,  +00:00,       ,   37.9815941,   23.3736343,  -133.8, 29.91,     5.1,  26.5,   0.00,   0.00,   34.12,   3.14,   0.34,  -0.02,  -0.01, 291.4, 292.2,  28.5,   0.0,  13.89,  12.81,     1.51,    67.15,  114.80,   70.63, 1227.0,    0.18,         ,          ,        ,          ,       ,        ,   126.4,   0,  GPS,  317.8, 110.90, 116.20, 130.875, 121.500,       ,       ,       ,      ,       ,       ,    4.9,      0,  NONE,   NONE,      ,      ,   0.0, 3DDiff, 1852,      ,      8,  10.0,     12
2022-09-05, 06:42:49,  +00:00,       ,   37.9815941,   23.3736343,  -135.8, 29.91,     5.2,  26.5,   0.00,   0.00,   51.21,   3.14,   0.32,  -0.01,   0.00, 291.4, 292.2,  28.5,   0.0,  13.89,  12.81,     1.51,    66.86,  114.80,   70.63, 1231.0,    0.18,         ,          ,        ,          ,       ,        ,   126.5,   0,  GPS,  317.8, 110.90, 116.20, 130.875, 121.500,       ,       ,       ,      ,       ,       ,    4.9,      0,  NONE,   NONE,      ,      ,   0.0, 3DDiff, 1852,      ,      8,  10.0,     12
2022-09-05, 06:42:50,  +00:00,       ,   37.9815941,   23.3736343,  -137.8, 29.91,     5.3,  26.5,   0.00,   0.00,   32.24,   3.16,   0.41,  -0.00,   0.01, 291.4, 292.2,  28.5,   0.0,  13.89,  12.81,     1.51,    66.64,  114.80,   71.00, 1235.0,    0.18,         ,          ,        ,          ,       ,        ,   126.6,   0,  GPS,  317.8, 110.90, 116.20, 130.875, 121.500,       ,       ,       ,      ,       ,       ,    4.9,      0,  NONE,   NONE,      ,      ,   0.0, 3DDiff, 1852,      ,      8,  10.0,     13
2022-09-05, 06:42:51,  +00:00,       ,   37.9815941,   23.3736343,  -136.8, 29.91,     5.4,  26.5,   0.00,   0.00,    6.32,   3.13,   0.40,  -0.01,   0.00, 291.4, 292.2,  28.5,   0.0,  13.89,  12.81,     1.53,    66.57,  114.80,   70.92, 1243.0,    0.18,         ,          ,        ,          ,       ,        ,   126.7,   0,  GPS,  317.8, 110.90, 116.20, 130.875, 121.500,       ,       ,       ,      ,       ,       ,    4.9,      0,  NONE,   NONE,      ,      ,   0.0, 3DDiff, 1852,      ,      8,   9.5,     13
2022-09-05, 06:42:52,  +00:00,       ,   37.9815941,   23.3736324,  -137.8, 29.91,     5.1,  26.5,   0.00,   0.00,   -6.43,   3.14,   0.30,  -0.00,  -0.01, 291.4, 292.2,  28.5,   0.0,  13.89,  12.80,     1.53,    66.72,  114.80,   70.56, 1244.0,    0.18,         ,          ,        ,          ,       ,        ,   126.4,   0,  GPS,  317.8, 110.90, 116.20, 130.875, 121.500,       ,       ,       ,      ,       ,       ,    4.9,      0,  NONE,   NONE,      ,      ,   0.0, 3DDiff, 1852,      ,      8,  10.0,     12
2022-09-05, 06:42:53,  +00:00,       ,   37.9815941,   23.3736324,  -137.8, 29.91,     5.2,  26.5,   0.00,   0.00,  -19.01,   3.20,   0.41,  -0.00,   0.01, 291.4, 292.2,  28.5,   0.0,  13.89,  12.80,     1.51,    66.64,  114.80,   70.92, 1246.0,    0.18,         ,          ,        ,          ,       ,        ,   126.5,   0,  GPS,  317.8, 110.90, 116.20, 130.875, 121.500,       ,       ,       ,      ,       ,       ,    4.9,      0,  NONE,   NONE,      ,      ,   0.0, 3DDiff, 1852,      ,      8,  10.0,     12
2022-09-05, 06:42:54,  +00:00,       ,   37.9815941,   23.3736324,  -133.8, 29.91,     5.3,  26.5,   0.00,   0.00,   -0.46,   3.13,   0.38,  -0.01,   0.00, 291.4, 292.2,  28.5,   0.0,  13.89,  12.80,     1.53,    66.93,  114.80,   71.43, 1250.0,    0.18,         ,          ,        ,          ,       ,        ,   126.6,   0,  GPS,  317.8, 110.90, 116.20, 130.875, 121.500,       ,       ,       ,      ,       ,       ,    4.9,      0,  NONE,   NONE,      ,      ,   0.0, 3DDiff, 1852,      ,      8,  10.0,     13
2022-09-05, 06:42:55,  +00:00,       ,   37.9815941,   23.3736343,  -134.8, 29.91,     5.0,  26.5,   0.00,   0.00,   41.43,   3.13,   0.35,  -0.02,  -0.01, 291.5, 292.2,  28.5,   0.0,  13.89,  12.80,     1.53,    66.93,  114.80,   71.36, 1255.0,    0.18,         ,          ,        ,          ,       ,        ,   126.3,   0,  GPS,  317.8, 110.90, 116.20, 130.875, 121.500,       ,       ,       ,      ,       ,       ,    4.9,      0,  NONE,   NONE,      ,      ,   0.0, 3DDiff, 1852,      ,      8,   9.5,     12
2022-09-05, 06:42:56,  +00:00,       ,   37.9815941,   23.3736343,  -137.8, 29.91,     5.0,  26.5,   0.00,   0.00,   18.36,   3.13,   0.43,  -0.00,   0.01, 291.5, 292.2,  28.5,   0.0,  13.89,  12.80,     1.51,    67.08,  114.80,   71.00, 1247.0,    0.18,         ,          ,        ,          ,       ,        ,   126.3,   0,  GPS,  317.8, 110.90, 116.20, 130.875, 121.500,       ,       ,       ,      ,       ,       ,    4.9,      0,  NONE,   NONE,      ,      ,   0.0, 3DDiff, 1852,      ,      8,  10.0,     12
2022-09-05, 06:42:57,  +00:00,       ,   37.9815941,   23.3736343,  -138.8, 29.91,     5.0,  26.5,   0.00,   0.00,  -15.17,   3.12,   0.38,  -0.01,  -0.01, 291.4, 292.2,  28.5,   0.0,  13.89,  12.80,     1.53,    66.79,  114.80,   70.78, 1258.0,    0.18,         ,          ,        ,          ,       ,        ,   126.3,   0,  GPS,  317.8, 110.90, 116.20, 130.875, 121.500,       ,       ,       ,      ,       ,       ,    4.9,      0,  NONE,   NONE,      ,      ,   0.0, 3DDiff, 1852,      ,      8,  10.0,     12
2022-09-05, 06:42:58,  +00:00,       ,   37.9815941,   23.3736343,  -138.8, 29.91,     5.1,  26.5,   0.00,   0.00,  -40.78,   3.12,   0.38,  -0.01,   0.01, 291.4, 292.2,  28.5,   0.0,  13.89,  12.80,     1.53,    66.57,  114.80,   70.78, 1258.0,    0.18,         ,          ,        ,          ,       ,        ,   126.4,   0,  GPS,  317.8, 110.90, 116.20, 130.875, 121.500,       ,       ,       ,      ,       ,       ,    4.9,      0,  NONE,   NONE,      ,      ,   0.0, 3DDiff, 1852,      ,      8,  10.0,     12
2022-09-05, 06:42:59,  +00:00,       ,   37.9815941,   23.3736324,  -137.8, 29.91,     5.6,  26.5,   0.00,   0.00,  -40.64,   3.08,   0.43,  -0.01,   0.02, 291.4, 292.2,  28.5,   0.0,  13.89,  12.79,     1.53,    66.50,  114.80,   70.71, 1258.0,    0.19,         ,          ,        ,          ,       ,        ,   126.9,   0,  GPS,  317.8, 110.90, 116.20, 130.875, 121.500,       ,       ,       ,      ,       ,       ,    4.9,      0,  NONE,   NONE,      ,      ,   0.0, 3DDiff, 1852,      ,      8,   9.5,     12
2022-09-05, 06:43:00,  +00:00,       ,   37.9815941,   23.3736324,  -136.8, 29.91,     5.6,  26.5,   0.00,   0.00,   -6.53,   3.12,   0.36,  -0.03,   0.00, 291.4, 292.2,  28.5,   0.0,  13.89,  12.79,     1.51,    66.57,  116.60,   70.92, 1253.0,    0.18,         ,          ,        ,          ,       ,        ,   126.8,   0,  GPS,  317.8, 110.90, 116.20, 130.875, 121.500,       ,       ,       ,      ,       ,       ,    4.9,      0,  NONE,   NONE,      ,      ,   0.0, 3DDiff, 1852,      ,      8,  10.0,     12
2022-09-05, 06:43:01,  +00:00,       ,   37.9815941,   23.3736324,  -136.8, 29.91,     5.7,  26.5,   0.00,   0.00,   11.25,   3.26,   0.32,  -0.03,  -0.00, 291.4, 292.2,  28.5,   0.0,  13.89,  12.79,     0.61,    66.93,  116.60,   66.79, 1026.0,    0.04,         ,          ,        ,          ,       ,        ,   127.0,   0,  GPS,  317.8, 110.90, 116.20, 130.875, 121.500,       ,       ,       ,      ,       ,       ,    4.9,      0,  NONE,   NONE,      ,      ,   0.0, 3DDiff, 1852,      ,      8,  10.0,     12
2022-09-05, 06:43:02,  +00:00,       ,   37.9815941,   23.3736324,  -137.8, 29.91,     5.8,  26.5,   0.00,   0.00,   12.81,   3.61,   0.43,   0.00,   0.03, 291.5, 292.2,  28.6,   0.0,  13.89,  12.79,     0.55,    66.93,  116.60,   50.76,  681.0,    0.05,         ,          ,        ,          ,       ,        ,   127.1,   0,  GPS,  317.8, 110.90, 116.20, 130.875, 121.500,       ,       ,       ,      ,       ,       ,    4.9,      0,  NONE,   NONE,      ,      ,   0.0, 3DDiff, 1852,      ,      8,  10.0,     12
2022-09-05, 06:43:03,  +00:00,       ,   37.9815941,   23.3736343,  -137.8, 29.91,     5.3,  26.5,   0.00,   0.00,    5.17,   3.55,   0.36,  -0.01,  -0.01, 291.5, 292.2,  28.6,   0.0,  13.89,  12.79,     0.48,    67.15,  116.60,   40.54,  719.0,    0.04,         ,          ,        ,          ,       ,        ,   126.6,   0,  GPS,  317.8, 110.90, 116.20, 130.875, 121.500,       ,       ,       ,      ,       ,       ,    4.9,      0,  NONE,   NONE,      ,      ,   0.0, 3DDiff, 1852,      ,      8,   9.5,     12
2022-09-05, 06:43:04,  +00:00,       ,   37.9815941,   23.3736343,  -139.8, 29.91,     5.3,  26.5,   0.00,   0.00,   -5.89,   3.52,   0.43,  -0.00,  -0.01, 291.5, 292.2,  28.6,   0.0,  13.89,  12.79,     0.48,    67.08,  116.60,   38.22,  711.0,    0.04,         ,          ,        ,          ,       ,        ,   126.6,   0,  GPS,  317.8, 110.90, 116.20, 130.875, 121.500,       ,       ,       ,      ,       ,       ,    4.9,      0,  NONE,   NONE,      ,      ,   0.0, 3DDiff, 1852,      ,      8,  10.0,     12
2022-09-05, 06:43:05,  +00:00,       ,   37.9815979,   23.3736343,  -140.8, 29.91,     5.3,  26.5,   0.00,   0.00,  -31.35,   3.56,   0.41,  -0.01,   0.01, 291.5, 292.2,  28.6,   0.0,  13.89,  12.79,     0.48,    67.01,  116.60,   37.13,  713.0,    0.04,         ,          ,        ,          ,       ,        ,   126.6,   0,  GPS,  317.8, 110.90, 116.20, 130.875, 121.500,       ,       ,       ,      ,       ,       ,    4.9,      0,  NONE,   NONE,      ,      ,   0.0, 3DDiff, 1852,      ,      8,  10.0,     12
2022-09-05, 06:43:06,  +00:00,       ,   37.9815979,   23.3736343,  -139.8, 29.91,     5.3,  26.5,   0.00,   0.00,  -43.34,   3.56,   0.40,  -0.01,  -0.00, 291.5, 292.2,  28.6,   0.0,  13.89,  12.78,     0.48,    67.08,  116.60,   36.84,  711.0,    0.04,         ,          ,        ,          ,       ,        ,   126.6,   0,  GPS,  317.8, 110.90, 116.20, 130.875, 121.500,       ,       ,       ,      ,       ,       ,    4.9,      0,  NONE,   NONE,      ,      ,   0.0, 3DDiff, 1852,      ,      8,  10.0,     12
2022-09-05, 06:43:07,  +00:00,       ,   37.9815941,   23.3736343,  -138.8, 29.91,     5.5,  26.5,   0.00,   0.00,  -31.33,   3.54,   0.43,  -0.01,  -0.00, 291.5, 292.2,  28.6,   0.0,  13.89,  12.77,     0.48,    67.08,  116.60,   36.77,  710.0,    0.04,         ,          ,        ,          ,       ,        ,   126.8,   0,  GPS,  317.8, 110.90, 116.20, 130.875, 121.500,       ,       ,       ,      ,       ,       ,    4.9,      0,  NONE,   NONE,      ,      ,   0.0, 3DDiff, 1852,      ,      8,   9.5,     12
2022-09-05, 06:43:08,  +00:00,       ,   37.9815979,   23.3736324,  -138.8, 29.91,     5.3,  26.5,   0.00,   0.00,   -8.75,   3.54,   0.40,  -0.01,  -0.00, 291.5, 292.2,  28.6,   0.0,  13.89,  12.77,     0.48,    66.93,  116.60,   36.77,  713.0,    0.04,         ,          ,        ,          ,       ,        ,   126.6,   0,  GPS,  317.8, 110.90, 116.20, 130.875, 121.500,       ,       ,       ,      ,       ,       ,    4.9,      0,  NONE,   NONE,      ,      ,   0.0, 3DDiff, 1852,      ,      8,  10.0,     12
2022-09-05, 06:43:09,  +00:00,       ,   37.9815979,   23.3736324,  -137.8, 29.91,     5.3,  26.5,   0.00,   0.00,   12.56,   3.59,   0.42,  -0.00,  -0.00, 291.5, 292.2,  28.6,   0.0,  13.89,  12.77,     0.48,    66.86,  118.40,   36.55,  710.0,    0.04,         ,          ,        ,          ,       ,        ,   126.6,   0,  GPS,  317.8, 110.90, 116.20, 130.875, 121.500,       ,       ,       ,      ,       ,       ,    4.9,      0,  NONE,   NONE,      ,      ,   0.0, 3DDiff, 1852,      ,      8,  10.0,     12
2022-09-05, 06:43:10,  +00:00,       ,   37.9815979,   23.3736324,  -137.8, 29.91,     5.2,  26.5,   0.00,   0.00,   18.78,   3.63,   0.42,  -0.01,   0.00, 291.5, 292.2,  28.6,   0.0,  13.89,  12.77,     0.48,    67.01,  118.40,   36.55,  712.0,    0.04,         ,          ,        ,          ,       ,        ,   126.5,   0,  GPS,  317.8, 110.90, 116.20, 130.875, 121.500,       ,       ,       ,      ,       ,       ,    4.9,      0,  NONE,   NONE,      ,      ,   0.0, 3DDiff, 1852,      ,      8,  10.0,     12
2022-09-05, 06:43:11,  +00:00,       ,   37.9815979,   23.3736324,  -137.8, 29.91,     5.2,  26.5,   0.00,   0.00,   17.96,   3.61,   0.42,  -0.01,   0.00, 291.4, 292.2,  28.6,   0.0,  13.89,  12.77,     0.50,    66.72,  118.40,   36.40,  709.0,    0.04,         ,          ,        ,          ,       ,        ,   126.5,   0,  GPS,  317.8, 110.90, 116.20, 130.875, 121.500,       ,       ,       ,      ,       ,       ,    4.9,      0,  NONE,   NONE,      ,      ,   0.0, 3DDiff, 1852,      ,      8,   9.5,     12
2022-09-05, 06:43:12,  +00:00,       ,   37.9815941,   23.3736343,  -137.8, 29.91,     5.5,  26.5,   0.00,   0.00,   12.68,   3.58,   0.42,  -0.02,   0.00, 291.4, 292.2,  28.6,   0.0,  13.89,  12.77,     0.48,    64.18,  118.40,   37.49,  724.0,    0.04,         ,          ,        ,          ,       ,        ,   126.8,   0,  GPS,  317.8, 110.90, 116.20, 130.875, 121.500,       ,       ,       ,      ,       ,       ,    4.9,      0,  NONE,   NONE,      ,      ,   0.0, 3DDiff, 1852,      ,      8,  10.0,     12
2022-09-05, 06:43:13,  +00:00,       ,   37.9815941,   23.3736343,  -137.8, 29.91,     5.6,  26.5,   0.00,   0.00,   15.48,   3.61,   0.40,  -0.01,  -0.01, 291.4, 292.2,  28.6,   0.0,  13.89,  12.77,     0.53,    65.05,  118.40,   36.48,  709.0,    0.04,         ,          ,        ,          ,       ,        ,   126.9,   0,  GPS,  317.8, 110.90, 116.20, 130.875, 121.500,       ,       ,       ,      ,       ,       ,    4.9,      0,  NONE,   NONE,      ,      ,   0.0, 3DDiff, 1852,      ,      8,   9.5,     12
2022-09-05, 06:43:14,  +00:00,       ,   37.9815941,   23.3736343,  -137.8, 29.91,     5.6,  26.8,   0.00,   0.00,    9.45,   3.63,   0.42,  -0.01,  -0.00, 291.5, 292.2,  28.6,   0.0,  13.89,  12.77,     0.50,    65.63,  118.40,   36.11,  711.0,    0.04,         ,          ,        ,          ,       ,        ,   126.9,   0,  GPS,  317.8, 110.90, 116.20, 130.875, 121.500,       ,       ,       ,      ,       ,       ,    4.9,      0,  NONE,   NONE,      ,      ,   0.0, 3DDiff, 1852,      ,      8,  10.0,     12
2022-09-05, 06:43:15,  +00:00,       ,   37.9815941,   23.3736343,  -139.8, 29.91,     5.6,  26.8,   0.00,   0.00,   -7.28,   3.59,   0.43,  -0.01,  -0.01, 291.5, 292.2,  28.7,   0.0,  13.89,  12.76,     0.58,    63.09,  118.40,   35.90,  697.0,    0.05,         ,          ,        ,          ,       ,        ,   126.9,   0,  GPS,  317.8, 110.90, 116.20, 130.875, 121.500,       ,       ,       ,      ,       ,       ,    4.9,      0,  NONE,   NONE,      ,      ,   0.0, 3DDiff, 1852,      ,      8,   9.5,     12
2022-09-05, 06:43:16,  +00:00,       ,   37.9815941,   23.3736343,  -139.8, 29.91,     5.4,  26.8,   0.00,   0.00,  -27.87,   3.59,   0.40,  -0.01,  -0.00, 291.5, 292.2,  28.6,   0.0,  13.89,  12.76,     0.50,    65.27,  118.40,   36.26,  710.0,    0.04,         ,          ,        ,          ,       ,        ,   126.7,   0,  GPS,  317.8, 110.90, 116.20, 130.875, 121.500,       ,       ,       ,      ,       ,       ,    4.9,      0,  NONE,   NONE,      ,      ,   0.0, 3DDiff, 1852,      ,      8,  10.0,     12
2022-09-05, 06:43:17,  +00:00,       ,   37.9815979,   23.3736343,  -139.8, 29.91,     5.5,  26.8,   0.00,   0.00,  -32.27,   3.59,   0.41,  -0.01,  -0.01, 291.5, 292.2,  28.6,   0.0,  13.89,  12.76,     0.48,    66.72,  118.40,   36.04,  714.0,    0.04,         ,          ,        ,          ,       ,        ,   126.8,   0,  GPS,  317.8, 110.90, 116.20, 130.875, 121.500,       ,       ,       ,      ,       ,       ,    4.9,      0,  NONE,   NONE,      ,      ,   0.0, 3DDiff, 1852,      ,      8,   9.5,     12
2022-09-05, 06:43:18,  +00:00,       ,   37.9815979,   23.3736343,  -139.8, 29.91,     5.4,  26.8,   0.00,   0.00,  -24.19,   3.61,   0.45,  -0.01,  -0.01, 291.5, 292.2,  28.7,   0.0,  13.89,  12.76,     0.48,    67.37,  118.40,   35.90,  711.0,    0.04,         ,          ,        ,          ,       ,        ,   126.7,   0,  GPS,  317.8, 110.90, 116.20, 130.875, 121.500,       ,       ,       ,      ,       ,       ,    4.9,      0,  NONE,   NONE,      ,      ,   0.0, 3DDiff, 1852,      ,      8,  10.0,     12
2022-09-05, 06:43:19,  +00:00,       ,   37.9815941,   23.3736324,  -138.8, 29.91,     5.3,  26.8,   0.00,   0.00,   -3.31,   3.63,   0.41,  -0.01,  -0.01, 291.5, 292.2,  28.7,   0.0,  13.89,  12.77,     0.48,    67.52,  120.20,   35.82,  708.0,    0.04,         ,          ,        ,          ,       ,        ,   126.6,   0,  GPS,  317.8, 110.90, 116.20, 130.875, 121.500,       ,       ,       ,      ,       ,       ,    4.9,      0,  NONE,   NONE,      ,      ,   0.0, 3DDiff, 1852,      ,      8,   9.5,     12
2022-09-05, 06:43:20,  +00:00,       ,   37.9815941,   23.3736324,  -139.8, 29.91,     5.2,  26.8,   0.00,   0.00,    6.11,   3.63,   0.42,  -0.01,  -0.01, 291.5, 292.2,  28.7,   0.0,  13.89,  12.77,     0.48,    67.52,  120.20,   35.82,  708.0,    0.04,         ,          ,        ,          ,       ,        ,   126.5,   0,  GPS,  317.8, 110.90, 116.20, 130.875, 121.500,       ,       ,       ,      ,       ,       ,    4.9,      0,  NONE,   NONE,      ,      ,   0.0, 3DDiff, 1852,      ,      8,  10.0,     12
2022-09-05, 06:43:21,  +00:00,       ,   37.9815941,   23.3736324,  -139.8, 29.91,     5.1,  26.8,   0.00,   0.00,    4.14,   3.61,   0.45,  -0.01,  -0.00, 291.5, 292.2,  28.7,   0.0,  13.89,  12.77,     0.50,    67.59,  120.20,   35.61,  711.0,    0.04,         ,          ,        ,          ,       ,        ,   126.4,   0,  GPS,  317.8, 110.90, 116.20, 130.875, 121.500,       ,       ,       ,      ,       ,       ,    4.9,      0,  NONE,   NONE,      ,      ,   0.0, 3DDiff, 1852,      ,      8,   9.5,     12
2022-09-05, 06:43:22,  +00:00,       ,   37.9815941,   23.3736324,  -138.8, 29.91,     5.4,  26.8,   0.00,   0.00,    1.96,   3.64,   0.43,  -0.01,   0.01, 291.5, 292.2,  28.6,   0.0,  13.89,  12.77,     0.50,    67.66,  120.20,   35.46,  711.0,    0.04,         ,          ,        ,          ,       ,        ,   126.7,   0,  GPS,  317.8, 110.90, 116.20, 130.875, 121.500,       ,       ,       ,      ,       ,       ,    4.9,      0,  NONE,   NONE,      ,      ,  15.7, 3DDiff, 1852,      ,      8,  10.0,     12
2022-09-05, 06:43:23,  +00:00,       ,   37.9815941,   23.3736343,  -138.8, 29.91,     5.6,  26.8,   0.00,   0.00,    2.21,   3.66,   0.45,  -0.00,  -0.01, 291.5, 292.2,  28.6,   0.0,  13.89,  12.77,     0.50,    67.66,  120.20,   35.53,  714.0,    0.04,         ,          ,        ,          ,       ,        ,   126.9,   0,  GPS,  317.8, 110.90, 116.20, 130.875, 121.500,       ,       ,       ,      ,       ,       ,    4.9,      0,  NONE,   NONE,      ,      ,   0.0, 3DDiff, 1852,      ,      8,   9.5,     12
2022-09-05, 06:43:24,  +00:00,       ,   37.9815979,   23.3736343,  -139.8, 29.91,     5.6,  26.8,   0.00,   0.00,   -1.20,   3.54,   0.45,  -0.01,  -0.01, 291.5, 292.2,  28.6,   0.0,  13.89,  12.77,     0.95,    67.37,  120.20,   40.03,  947.0,    0.12,         ,          ,        ,          ,       ,        ,   126.9,   0,  GPS,  317.8, 110.90, 116.20, 130.875, 121.500,       ,       ,       ,      ,       ,       ,    4.9,      0,  NONE,   NONE,      ,      ,   0.0, 3DDiff, 1852,      ,      8,  10.0,     12
2022-09-05, 06:43:25,  +00:00,       ,   37.9815979,   23.3736343,  -139.8, 29.91,     5.8,  26.8,   0.00,   0.00,   -8.59,   3.38,   0.49,  -0.00,   0.01, 291.5, 292.2,  28.6,   0.0,  13.89,  12.77,     1.51,    66.72,  120.20,   51.42, 1166.0,    0.19,         ,          ,        ,          ,       ,        ,   127.1,   0,  GPS,  317.8, 110.90, 116.20, 130.875, 121.500,       ,       ,       ,      ,       ,       ,    4.9,      0,  NONE,   NONE,      ,      ,   0.0, 3DDiff, 1852,      ,      8,   9.5,     12
2022-09-05, 06:43:26,  +00:00,       ,   37.9815979,   23.3736343,  -141.8, 29.91,     5.8,  26.8,   0.00,   0.00,  -20.35,   3.03,   0.48,  -0.01,   0.01, 291.5, 292.2,  28.5,   0.0,  13.89,  12.77,     2.54,    66.35,  120.20,   64.03, 1421.0,    0.28,         ,          ,        ,          ,       ,        ,   127.1,   0,  GPS,  317.8, 110.90, 116.20, 130.875, 121.500,       ,       ,       ,      ,       ,       ,    4.9,      0,  NONE,   NONE,      ,      ,   0.0, 3DDiff, 1852,      ,      8,   9.5,     12
2022-09-05, 06:43:27,  +00:00,       ,   37.9815941,   23.3736324,  -138.8, 29.91,     5.8,  26.8,   0.00,   0.00,  -10.30,   2.74,   0.38,  -0.02,  -0.00, 291.5, 292.2,  28.5,   0.0,  13.89,  12.77,     3.30,    66.14,  120.20,   72.16, 1605.0,    0.37,         ,          ,        ,          ,       ,        ,   127.1,   0,  GPS,  317.8, 110.90, 116.20, 130.875, 121.500,       ,       ,       ,      ,       ,       ,    4.9,      0,  NONE,   NONE,      ,      ,   0.0, 3DDiff, 1852,      ,      8,   9.5,     12
2022-09-05, 06:43:28,  +00:00,       ,   37.9815941,   23.3736324,  -138.8, 29.91,     5.9,  26.8,   0.00,   0.00,    7.29,   2.57,   0.43,  -0.00,  -0.00, 291.5, 292.2,  28.5,   0.0,  13.89,  12.77,     3.83,    65.92,  120.20,   75.56, 1701.0,    0.43,         ,          ,        ,          ,       ,        ,   127.2,   0,  GPS,  317.8, 110.90, 116.20, 130.875, 121.500,       ,       ,       ,      ,       ,       ,    4.9,      0,  NONE,   NONE,      ,      ,   0.0, 3DDiff, 1852,      ,      8,   9.5,     12
2022-09-05, 06:43:29,  +00:00,       ,   37.9815941,   23.3736324,  -137.8, 29.91,     5.9,  26.8,   0.00,   0.00,   28.21,   2.41,   0.31,   0.00,  -0.02, 291.5, 292.2,  28.5,   0.0,  13.89,  12.78,     4.33,    65.41,  120.20,   77.16, 1810.0,    0.49,         ,          ,        ,          ,       ,        ,   127.2,   0,  GPS,  317.8, 110.90, 116.20, 130.875, 121.500,       ,       ,       ,      ,       ,       ,    4.9,      0,  NONE,   NONE,      ,      ,   0.0, 3DDiff, 1852,      ,      8,   9.5,     12
2022-09-05, 06:43:30,  +00:00,       ,   37.9815941,   23.3736324,  -139.8, 29.91,     5.9,  26.8,   0.00,   0.00,   11.17,   2.25,   0.41,  -0.01,  -0.02, 291.2, 292.2,  28.5,   0.0,  13.89,  12.79,     4.62,    65.70,  120.20,   77.89, 1864.0,    0.53,         ,          ,        ,          ,       ,        ,   127.2,   0,  GPS,  317.8, 110.90, 116.20, 130.875, 121.500,       ,       ,       ,      ,       ,       ,    4.9,      0,  NONE,   NONE,      ,      ,   0.0, 3DDiff, 1852,      ,      8,   9.5,     12
2022-09-05, 06:43:31,  +00:00,       ,   37.9815941,   23.3736324,  -138.8, 29.91,     5.8,  26.8,   0.00,   0.00,    4.44,   2.12,   0.42,   0.00,  -0.01, 291.5, 292.2,  28.5,   0.0,  13.89,  12.80,     4.65,    65.19,  122.00,   78.97, 1879.0,    0.54,         ,          ,        ,          ,       ,        ,   127.1,   0,  GPS,  317.8, 110.90, 116.20, 130.875, 121.500,       ,       ,       ,      ,       ,       ,    4.9,      0,  NONE,   NONE,      ,      ,   0.0, 3DDiff, 1852,      ,      8,   9.5,     12
2022-09-05, 06:43:32,  +00:00,       ,   37.9815941,   23.3736324,  -139.8, 29.91,     5.8,  26.8,   0.00,   0.00,   -3.60,   2.07,   0.48,   0.03,   0.01, 291.5, 292.2,  28.5,   0.0,  13.89,  12.80,     4.70,    65.56,  122.00,   78.83, 1894.0,    0.55,         ,          ,        ,          ,       ,        ,   127.1,   0,  GPS,  317.8, 110.90, 116.20, 130.875, 121.500,       ,       ,       ,      ,       ,       ,    4.9,      0,  NONE,   NONE,      ,      ,   0.0, 3DDiff, 1852,      ,      8,   9.5,     12
2022-09-05, 06:43:33,  +00:00,       ,   37.9815941,   23.3736324,  -137.8, 29.91,     5.9,  26.8,   0.00,   0.00,    1.52,   2.03,   0.38,  -0.02,  -0.02, 291.4, 292.2,  28.5,   0.0,  13.89,  12.81,     4.68,    65.77,  122.00,   79.12, 1885.0,    0.55,         ,          ,        ,          ,       ,        ,   127.2,   0,  GPS,  317.8, 110.90, 116.20, 130.875, 121.500,       ,       ,       ,      ,       ,       ,    4.9,      0,  NONE,   NONE,      ,      ,   0.0, 3DDiff, 1852,      ,      8,   9.5,     12
2022-09-05, 06:43:34,  +00:00,       ,   37.9815941,   23.3736324,  -137.8, 29.91,     5.9,  26.8,   0.00,   0.00,   21.92,   1.98,   0.27,  -0.03,  -0.01, 291.5, 292.2,  28.5,   0.0,  13.89,  12.82,     4.68,    65.27,  122.00,   79.26, 1876.0,    0.54,         ,          ,        ,          ,       ,        ,   127.2,   0,  GPS,  317.8, 110.90, 116.20, 130.875, 121.500,       ,       ,       ,      ,       ,       ,    4.9,      0,  NONE,   NONE,      ,      ,   0.0, 3DDiff, 1852,      ,      8,   9.5,     12
2022-09-05, 06:43:35,  +00:00,       ,   37.9815979,   23.3736324,  -138.8, 29.91,     5.6,  26.8,   0.00,   0.00,   15.12,   2.00,   0.51,   0.04,  -0.01, 291.6, 292.2,  28.5,   0.0,  13.89,  12.83,     4.25,    65.99,  122.00,   77.96, 1695.0,    0.48,         ,          ,        ,          ,       ,        ,   126.8,   0,  GPS,  317.8, 110.90, 116.20, 130.875, 121.500,       ,       ,       ,      ,       ,       ,    4.9,      0,  NONE,   NONE,      ,      ,   0.0, 3DDiff, 1852,      ,      8,   9.5,     12
2022-09-05, 06:43:36,  +00:00,       ,   37.9815979,   23.3736324,  -137.8, 29.91,     5.5,  26.8,   0.00,   0.00,    6.13,   2.01,   0.41,   0.02,  -0.02, 291.5, 292.2,  28.5,   0.0,  13.89,  12.83,     4.41,    65.56,  122.00,   78.03, 1855.0,    0.51,         ,          ,        ,          ,       ,        ,   126.8,   0,  GPS,  317.8, 110.90, 116.20, 130.875, 121.500,       ,       ,       ,      ,       ,       ,    4.9,      0,  NONE,   NONE,      ,      ,   0.0, 3DDiff, 1852,      ,      8,   9.5,     12
2022-09-05, 06:43:37,  +00:00,       ,   37.9815979,   23.3736324,  -136.8, 29.91,     5.4,  26.8,   0.00,   0.00,   14.08,   2.23,   0.27,  -0.01,   0.02, 291.5, 292.2,  28.5,   0.0,  13.89,  12.84,     3.17,    66.35,  122.00,   77.74, 1679.0,    0.34,         ,          ,        ,          ,       ,        ,   126.7,   0,  GPS,  317.8, 110.90, 116.20, 130.875, 121.500,       ,       ,       ,      ,       ,       ,    4.9,      0,  NONE,   NONE,      ,      ,   0.0, 3DDiff, 1852,      ,      8,   9.5,     12
2022-09-05, 06:43:38,  +00:00,       ,   37.9815979,   23.3736324,  -136.8, 29.91,     5.5,  26.8,   0.00,   0.00,   22.42,   2.48,   0.46,   0.01,   0.01, 291.6, 292.2,  28.5,   0.0,  13.89,  12.84,     1.74,    66.64,  122.00,   76.22, 1424.0,    0.19,         ,          ,        ,          ,       ,        ,   126.8,   0,  GPS,  317.8, 110.90, 116.20, 130.875, 121.500,       ,       ,       ,      ,       ,       ,    4.9,      0,  NONE,   NONE,      ,      ,   3.9, 3DDiff, 1852,      ,      8,   9.5,     12
2022-09-05, 06:43:39,  +00:00,       ,   37.9815941,   23.3736324,  -137.8, 29.91,     5.7,  26.8,   0.00,   0.00,   18.43,   2.94,   0.38,   0.00,  -0.00, 291.5, 292.2,  28.5,   0.0,  13.89,  12.85,     0.71,    66.93,  123.80,   67.88, 1044.0,    0.06,         ,          ,        ,          ,       ,        ,   126.9,   0,  GPS,  317.8, 110.90, 116.20, 130.875, 121.500,       ,       ,       ,      ,       ,       ,    4.9,      0,  NONE,   NONE,      ,      ,   0.0, 3DDiff, 1852,      ,      8,   9.5,     12
2022-09-05, 06:43:40,  +00:00,       ,   37.9815941,   23.3736324,  -136.8, 29.91,     5.6,  26.8,   0.00,   0.00,   14.03,   3.56,   0.40,  -0.00,   0.01, 291.5, 292.2,  28.6,   0.0,  13.89,  12.84,     0.53,    63.60,  123.80,   50.69,  727.0,    0.04,         ,          ,        ,          ,       ,        ,   126.8,   0,  GPS,  317.8, 110.90, 116.20, 130.875, 121.500,       ,       ,       ,      ,       ,       ,    4.9,      0,  NONE,   NONE,      ,      ,   0.0, 3DDiff, 1852,      ,      8,   9.5,     12
2022-09-05, 06:43:41,  +00:00,       ,   37.9815941,   23.3736324,  -138.8, 29.91,     5.6,  26.8,   0.00,   0.00,    6.37,   3.36,   0.43,  -0.01,   0.00, 291.5, 292.2,  28.6,   0.0,  13.89,  12.84,     1.06,    64.83,  123.80,   45.83,  998.0,    0.14,         ,          ,        ,          ,       ,        ,   126.9,   0,  GPS,  317.8, 110.90, 116.20, 130.875, 121.500,       ,       ,       ,      ,       ,       ,    4.9,      0,  NONE,   NONE,      ,      ,   0.0, 3DDiff, 1852,      ,      8,   9.5,     12
2022-09-05, 06:43:42,  +00:00,       ,   37.9815979,   23.3736343,  -139.8, 29.91,     5.3,  26.8,   0.00,   0.00,  -22.28,   3.15,   0.44,  -0.01,   0.00, 291.5, 292.2,  28.5,   0.0,  13.89,  12.83,     1.69,    65.12,  123.80,   53.74, 1221.0,    0.21,         ,          ,        ,          ,       ,        ,   126.6,   0,  GPS,  317.8, 110.90, 116.20, 130.875, 121.500,       ,       ,       ,      ,       ,       ,    4.9,      0,  NONE,   NONE,      ,      ,   0.0, 3DDiff, 1852,      ,      8,   9.5,     12
2022-09-05, 06:43:43,  +00:00,       ,   37.9815979,   23.3736343,  -138.8, 29.91,     5.3,  26.8,   0.00,   0.00,  -35.70,   2.82,   0.46,   0.00,   0.00, 291.5, 292.2,  28.5,   0.0,  13.89,  12.81,     2.83,    65.27,  123.80,   65.12, 1494.0,    0.31,         ,          ,        ,          ,       ,        ,   126.6,   0,  GPS,  317.8, 110.90, 116.20, 130.875, 121.500,       ,       ,       ,      ,       ,       ,    4.9,      0,  NONE,   NONE,      ,      ,   0.0, 3DDiff, 1852,      ,      8,   9.5,     12
2022-09-05, 06:43:44,  +00:00,       ,   37.9815979,   23.3736343,  -137.8, 29.91,     5.3,  26.8,   0.00,   0.00,  -21.51,   2.57,   0.25,  -0.02,  -0.02, 291.5, 292.2,  28.5,   0.0,  13.89,  12.80,     3.49,    64.76,  123.80,   71.94, 1648.0,    0.39,         ,          ,        ,          ,       ,        ,   126.6,   0,  GPS,  317.8, 110.90, 116.20, 130.875, 121.500,       ,       ,       ,      ,       ,       ,    4.9,      0,  NONE,   NONE,      ,      ,   0.0, 3DDiff, 1852,      ,      8,   9.5,     12
2022-09-05, 06:43:45,  +00:00,       ,   37.9815979,   23.3736324,  -137.8, 29.91,     5.5,  26.8,   0.00,   0.00,   -4.01,   2.53,   0.40,   0.01,   0.01, 291.5, 292.2,  28.5,   0.0,  13.89,  12.80,     4.09,    63.96,  123.80,   75.06, 1768.0,    0.47,         ,          ,        ,          ,       ,        ,   126.8,   0,  GPS,  317.8, 110.90, 116.20, 130.875, 121.500,       ,       ,       ,      ,       ,       ,    4.9,      0,  NONE,   NONE,      ,      ,   0.0, 3DDiff, 1852,      ,      8,   9.5,     12
2022-09-05, 06:43:46,  +00:00,       ,   37.9815979,   23.3736324,  -138.8, 29.91,     5.6,  26.8,   0.00,   0.00,   -0.96,   2.22,   0.32,  -0.02,  -0.02, 291.5, 292.2,  28.5,   0.0,  13.89,  12.80,     4.49,    63.53,  123.80,   76.51, 1856.0,    0.52,         ,          ,        ,          ,       ,        ,   126.8,   0,  GPS,  317.8, 110.90, 116.20, 130.875, 121.500,       ,       ,       ,      ,       ,       ,    4.9,      0,  NONE,   NONE,      ,      ,   0.0, 3DDiff, 1852,      ,      8,   9.5,     12
2022-09-05, 06:43:47,  +00:00,       ,   37.9815979,   23.3736324,  -138.8, 29.91,     5.5,  26.8,   0.00,   0.00,   -4.33,   2.15,   0.30,  -0.04,   0.02, 291.5, 292.2,  28.5,   0.0,  13.89,  12.80,     4.57,    64.03,  123.80,   77.74, 1888.0,    0.53,         ,          ,        ,          ,       ,        ,   126.8,   0,  GPS,  317.8, 110.90, 116.20, 130.875, 121.500,       ,       ,       ,      ,       ,       ,    4.9,      0,  NONE,   NONE,      ,      ,   0.0, 3DDiff, 1852,      ,      8,   9.0,     12
2022-09-05, 06:43:48,  +00:00,       ,   37.9815979,   23.3736324,  -136.8, 29.91,     5.5,  26.5,   0.00,   0.00,    3.66,   2.15,   0.36,   0.02,   0.03, 291.5, 292.2,  28.4,   0.0,  13.89,  12.81,     4.57,    64.32,  125.60,   78.47, 1886.0,    0.53,         ,          ,        ,          ,       ,        ,   126.8,   0,  GPS,  317.8, 110.90, 116.20, 130.875, 121.500,       ,       ,       ,      ,       ,       ,    4.9,      0,  NONE,   NONE,      ,      ,   0.0, 3DDiff, 1852,      ,      8,   9.5,     12
2022-09-05, 06:43:49,  +00:00,       ,   37.9815979,   23.3736324,  -134.8, 29.91,     5.5,  26.5,   0.00,   0.00,   30.08,   2.03,   0.35,   0.02,  -0.02, 291.5, 292.2,  28.5,   0.0,  13.89,  12.82,     4.25,    63.89,  125.60,   77.38, 1735.0,    0.49,         ,          ,        ,          ,       ,        ,   126.8,   0,  GPS,  317.8, 110.90, 116.20, 130.875, 121.500,       ,       ,       ,      ,       ,       ,    4.9,      0,  NONE,   NONE,      ,      ,   0.0, 3DDiff, 1852,      ,      8,   9.5,     12
2022-09-05, 06:43:50,  +00:00,       ,   37.9815979,   23.3736343,  -138.8, 29.91,     5.4,  26.5,   0.00,   0.00,   36.21,   2.14,   0.43,  -0.00,   0.03, 291.5, 292.2,  28.5,   0.0,  13.89,  12.84,     4.39,    63.89,  125.60,   77.45, 1874.0,    0.50,         ,          ,        ,          ,       ,        ,   126.7,   0,  GPS,  317.8, 110.90, 116.20, 130.875, 121.500,       ,       ,       ,      ,       ,       ,    4.9,      0,  NONE,   NONE,      ,      ,   0.0, 3DDiff, 1852,      ,      8,   9.5,     12
2022-09-05, 06:43:51,  +00:00,       ,   37.9815979,   23.3736343,  -141.8, 29.91,     5.4,  26.5,   0.00,   0.00,  -12.72,   2.31,   0.29,  -0.00,  -0.02, 291.5, 292.2,  28.5,   0.0,  13.89,  12.85,     3.06,    64.40,  125.60,   77.02, 1685.0,    0.33,         ,          ,        ,          ,       ,        ,   126.7,   0,  GPS,  317.8, 110.90, 116.20, 130.875, 121.500,       ,       ,       ,      ,       ,       ,    4.9,      0,  NONE,   NONE,      ,      ,   0.0, 3DDiff, 1852,      ,      8,   9.0,     12
2022-09-05, 06:43:52,  +00:00,       ,   37.9815979,   23.3736343,  -139.8, 29.91,     5.3,  26.5,   0.00,   0.00,  -48.89,   2.75,   0.36,   0.00,  -0.02, 291.5, 292.2,  28.5,   0.0,  13.89,  12.86,     1.64,    65.05,  125.60,   74.48, 1415.0,    0.17,         ,          ,        ,          ,       ,        ,   126.6,   0,  GPS,  317.8, 110.90, 116.20, 130.875, 121.500,       ,       ,       ,      ,       ,       ,    4.9,      0,  NONE,   NONE,      ,      ,   0.0, 3DDiff, 1852,      ,      8,   9.5,     12
2022-09-05, 06:43:53,  +00:00,       ,   37.9815979,   23.3736343,  -138.8, 29.91,     5.4,  26.5,   0.00,   0.00,  -29.12,   3.01,   0.49,  -0.00,  -0.00, 291.6, 292.2,  28.5,   0.0,  13.89,  12.86,     0.66,    65.77,  125.60,   65.56, 1032.0,    0.05,         ,          ,        ,          ,       ,        ,   126.7,   0,  GPS,  317.8, 110.90, 116.20, 130.875, 121.500,       ,       ,       ,      ,       ,       ,    4.9,      0,  NONE,   NONE,      ,      ,   0.0, 3DDiff, 1852,      ,      8,   9.5,     12
2022-09-05, 06:43:54,  +00:00,       ,   37.9815979,   23.3736343,  -139.8, 29.91,     5.5,  26.5,   0.00,   0.00,  -13.75,   3.46,   0.25,  -0.02,   0.00, 291.6, 292.2,  28.6,   0.0,  13.89,  12.86,     0.58,    62.73,  127.40,   45.61,  649.0,    0.05,         ,          ,        ,          ,       ,        ,   126.8,   0,  GPS,  317.8, 110.90, 116.20, 130.875, 121.500,       ,       ,       ,      ,       ,       ,    4.9,      0,  NONE,   NONE,      ,      ,   0.0, 3DDiff, 1852,      ,      8,   9.5,     12
2022-09-05, 06:43:55,  +00:00,       ,   37.9815979,   23.3736343,  -139.8, 29.91,     5.4,  26.5,   0.00,   0.00,  -12.97,   3.50,   0.43,   0.00,   0.01, 291.6, 292.2,  28.6,   0.0,  13.89,  12.85,     0.50,    65.41,  127.40,   36.11,  711.0,    0.04,         ,          ,        ,          ,       ,        ,   126.7,   0,  GPS,  317.8, 110.90, 116.20, 130.875, 121.500,       ,       ,       ,      ,       ,       ,    4.9,      0,  NONE,   NONE,      ,      ,   0.0, 3DDiff, 1852,      ,      8,   9.0,     12
2022-09-05, 06:43:56,  +00:00,       ,   37.9815979,   23.3736343,  -138.8, 29.91,     5.4,  26.5,   0.00,   0.00,   -8.00,   3.47,   0.38,  -0.01,  -0.00, 291.6, 292.2,  28.6,   0.0,  13.89,  12.84,     0.50,    66.93,  127.40,   32.92,  709.0,    0.04,         ,          ,        ,          ,       ,        ,   126.7,   0,  GPS,  317.8, 110.90, 116.20, 130.875, 121.500,       ,       ,       ,      ,       ,       ,    4.9,      0,  NONE,   NONE,      ,      ,   0.0, 3DDiff, 1852,      ,      8,   9.5,     12
2022-09-05, 06:43:57,  +00:00,       ,   37.9815979,   23.3736343,  -138.8, 29.91,     5.4,  26.5,   0.00,   0.00,    1.70,   3.54,   0.31,  -0.02,   0.00, 291.6, 292.2,  28.6,   0.0,  13.89,  12.83,     0.50,    67.66,  127.40,   31.76,  707.0,    0.04,         ,          ,        ,          ,       ,        ,   126.7,   0,  GPS,  317.8, 110.90, 116.20, 130.875, 121.500,       ,       ,       ,      ,       ,       ,    4.9,      0,  NONE,   NONE,      ,      ,   0.0, 3DDiff, 1852,      ,      8,   9.5,     12
2022-09-05, 06:43:58,  +00:00,       ,   37.9815979,   23.3736343,  -139.8, 29.91,     5.4,  26.5,   0.00,   0.00,   -2.52,   3.50,   0.45,  -0.00,   0.00, 291.6, 292.2,  28.6,   0.0,  13.89,  12.81,     0.50,    67.88,  129.20,   31.40,  707.0,    0.04,         ,          ,        ,          ,       ,        ,   126.7,   0,  GPS,  317.8, 110.90, 116.20, 130.875, 121.500,       ,       ,       ,      ,       ,       ,    4.9,      0,  NONE,   NONE,      ,      ,   0.0, 3DDiff, 1852,      ,      8,   9.5,     12
2022-09-05, 06:43:59,  +00:00,       ,   37.9815979,   23.3736343,  -140.8, 29.91,     5.3,  26.5,   0.00,   0.00,   -9.41,   3.50,   0.36,  -0.01,  -0.00, 291.6, 292.2,  28.6,   0.0,  13.89,  12.80,     0.48,    67.95,  129.20,   31.47,  711.0,    0.04,         ,          ,        ,          ,       ,        ,   126.6,   0,  GPS,  317.8, 110.90, 116.20, 130.875, 121.500,       ,       ,       ,      ,       ,       ,    4.9,      0,  NONE,   NONE,      ,      ,   0.0, 3DDiff, 1852,      ,      8,   9.0,     12
2022-09-05, 06:44:00,  +00:00,       ,   37.9815979,   23.3736343,  -140.8, 29.91,     5.3,  26.5,   0.00,   0.00,  -13.23,   3.54,   0.44,  -0.00,   0.00, 291.6, 292.2,  28.6,   0.0,  13.89,  12.79,     0.48,    67.59,  129.20,   31.26,  707.0,    0.04,         ,          ,        ,          ,       ,        ,   126.6,   0,  GPS,  317.8, 110.90, 116.20, 130.875, 121.500,       ,       ,       ,      ,       ,       ,    4.9,      0,  NONE,   NONE,      ,      ,   0.0, 3DDiff, 1852,      ,      8,   9.5,     12
2022-09-05, 06:44:01,  +00:00,       ,   37.9815979,   23.3736343,  -140.8, 29.91,     5.3,  26.5,   0.00,   0.00,  -14.92,   3.52,   0.38,  -0.01,  -0.00, 291.6, 292.2,  28.6,   0.0,  13.89,  12.79,     0.48,    67.59,  129.20,   31.26,  707.0,    0.04,         ,          ,        ,          ,       ,        ,   126.6,   0,  GPS,  317.8, 110.90, 116.20, 130.875, 121.500,       ,       ,       ,      ,       ,       ,    4.9,      0,  NONE,   NONE,      ,      ,   0.0, 3DDiff, 1852,      ,      8,   9.5,     12
2022-09-05, 06:44:02,  +00:00,       ,   37.9815979,   23.3736343,  -141.8, 29.91,     5.3,  26.5,   0.00,   0.00,  -17.50,   3.50,   0.36,  -0.01,  -0.01, 291.6, 292.2,  28.6,   0.0,  13.89,  12.78,     0.48,    67.73,  129.20,   31.18,  707.0,    0.04,         ,          ,        ,          ,       ,        ,   126.6,   0,  GPS,  317.8, 110.90, 116.20, 130.875, 121.500,       ,       ,       ,      ,       ,       ,    4.9,      0,  NONE,   NONE,      ,      ,   0.0, 3DDiff, 1852,      ,      8,   9.5,     12
2022-09-05, 06:44:03,  +00:00,       ,   37.9815979,   23.3736343,  -140.8, 29.91,     5.4,  26.5,   0.00,   0.00,  -15.61,   3.50,   0.41,  -0.01,  -0.00, 291.6, 292.2,  28.6,   0.0,  13.89,  12.78,     0.48,    67.73,  129.20,   31.18,  702.0,    0.04,         ,          ,        ,          ,       ,        ,   126.7,   0,  GPS,  317.8, 110.90, 116.20, 130.875, 121.500,       ,       ,       ,      ,       ,       ,    4.9,      0,  NONE,   NONE,      ,      ,   0.0, 3DDiff, 1852,      ,      8,   9.0,     12
2022-09-05, 06:44:04,  +00:00,       ,   37.9815979,   23.3736343,  -140.8, 29.91,     5.4,  26.5,   0.00,   0.00,   -4.77,   3.55,   0.42,  -0.01,  -0.00, 291.6, 292.2,  28.6,   0.0,  13.89,  12.78,     0.50,    67.95,  129.20,   31.11,  707.0,    0.04,         ,          ,        ,          ,       ,        ,   126.7,   0,  GPS,  317.8, 110.90, 116.20, 130.875, 121.500,       ,       ,       ,      ,       ,       ,    4.9,      0,  NONE,   NONE,      ,      ,   0.0, 3DDiff, 1852,      ,      8,   9.5,     12
2022-09-05, 06:44:05,  +00:00,       ,   37.9815979,   23.3736343,  -140.8, 29.91,     5.5,  26.5,   0.00,   0.00,    0.36,   3.54,   0.40,  -0.01,  -0.00, 291.6, 292.2,  28.6,   0.0,  13.89,  12.77,     0.48,    68.10,  129.20,   31.04,  711.0,    0.04,         ,          ,        ,          ,       ,        ,   126.8,   0,  GPS,  317.8, 110.90, 116.20, 130.875, 121.500,       ,       ,       ,      ,       ,       ,    4.9,      0,  NONE,   NONE,      ,      ,   0.0, 3DDiff, 1852,      ,      8,   9.5,     12
2022-09-05, 06:44:06,  +00:00,       ,   37.9815979,   23.3736343,  -141.8, 29.91,     5.5,  26.5,   0.00,   0.00,   -4.81,   3.54,   0.41,  -0.01,  -0.01, 291.5, 292.2,  28.6,   0.0,  13.89,  12.77,     0.48,    67.73,  131.00,   31.26,  709.0,    0.04,         ,          ,        ,          ,       ,        ,   126.8,   0,  GPS,  317.8, 110.90, 116.20, 130.875, 121.500,       ,       ,       ,      ,       ,       ,    4.9,      0,  NONE,   NONE,      ,      ,   0.0, 3DDiff, 1852,      ,      8,   9.5,     12
2022-09-05, 06:44:07,  +00:00,       ,   37.9815979,   23.3736343,  -140.8, 29.91,     5.4,  26.5,   0.00,   0.00,   -8.77,   3.52,   0.38,  -0.01,  -0.01, 291.5, 292.2,  28.6,   0.0,  13.89,  12.77,     0.48,    67.52,  131.00,   31.18,  707.0,    0.04,         ,          ,        ,          ,       ,        ,   126.7,   0,  GPS,  317.8, 110.90, 116.20, 130.875, 121.500,       ,       ,       ,      ,       ,       ,    4.9,      0,  NONE,   NONE,      ,      ,   0.0, 3DDiff, 1852,      ,      8,   9.0,     12
2022-09-05, 06:44:08,  +00:00,       ,   37.9815979,   23.3736343,  -138.8, 29.91,     5.4,  26.5,   0.00,   0.00,    6.52,   3.53,   0.38,  -0.01,  -0.01, 291.5, 292.2,  28.6,   0.0,  13.89,  12.77,     0.48,    67.37,  131.00,   31.26,  708.0,    0.04,         ,          ,        ,          ,       ,        ,   126.7,   0,  GPS,  317.8, 110.90, 116.20, 130.875, 121.500,       ,       ,       ,      ,       ,       ,    4.9,      0,  NONE,   NONE,      ,      ,   0.0, 3DDiff, 1852,      ,      8,   9.5,     12
2022-09-05, 06:44:09,  +00:00,       ,   37.9815979,   23.3736343,  -138.8, 29.91,     5.4,  26.5,   0.00,   0.00,   27.53,   3.54,   0.34,  -0.01,  -0.00, 291.5, 292.2,  28.6,   0.0,  13.89,  12.77,     0.48,    67.30,  131.00,   31.18,  705.0,    0.04,         ,          ,        ,          ,       ,        ,   126.7,   0,  GPS,  317.8, 110.90, 116.20, 130.875, 121.500,       ,       ,       ,      ,       ,       ,    4.9,      0,  NONE,   NONE,      ,      ,   0.0, 3DDiff, 1852,      ,      8,   9.5,     12
2022-09-05, 06:44:10,  +00:00,       ,   37.9815979,   23.3736343,  -137.8, 29.91,     5.4,  26.5,   0.00,   0.00,   38.44,   3.48,   0.40,  -0.00,  -0.01, 291.5, 292.2,  28.6,   0.0,  13.89,  12.77,     0.48,    67.37,  131.00,   31.26,  702.0,    0.04,         ,          ,        ,          ,       ,        ,   126.7,   0,  GPS,  317.8, 110.90, 116.20, 130.875, 121.500,       ,       ,       ,      ,       ,       ,    4.9,      0,  NONE,   NONE,      ,      ,   0.0, 3DDiff, 1852,      ,      8,   9.5,     12
2022-09-05, 06:44:11,  +00:00,       ,   37.9815979,   23.3736343,  -138.8, 29.91,     5.4,  26.5,   0.00,   0.00,   32.26,   3.50,   0.38,  -0.00,  -0.01, 291.6, 292.2,  28.6,   0.0,  13.89,  12.78,     0.48,    67.59,  131.00,   31.26,  707.0,    0.04,         ,          ,        ,          ,       ,        ,   126.7,   0,  GPS,  317.8, 110.90, 116.20, 130.875, 121.500,       ,       ,       ,      ,       ,       ,    4.9,      0,  NONE,   NONE,      ,      ,   0.0, 3DDiff, 1852,      ,      8,   9.0,     12
2022-09-05, 06:44:12,  +00:00,       ,   37.9815979,   23.3736343,  -139.8, 29.91,     5.4,  26.5,   0.00,   0.00,   10.84,   3.52,   0.35,  -0.01,  -0.01, 291.5, 292.2,  28.6,   0.0,  13.89,  12.78,     0.48,    67.59,  131.00,   31.26,  705.0,    0.04,         ,          ,        ,          ,       ,        ,   126.7,   0,  GPS,  317.8, 110.90, 116.20, 130.875, 121.500,       ,       ,       ,      ,       ,       ,    4.9,      0,  NONE,   NONE,      ,      ,   0.0, 3DDiff, 1852,      ,      8,   9.5,     12
2022-09-05, 06:44:13,  +00:00,       ,   37.9815979,   23.3736343,  -140.8, 29.91,     5.4,  26.5,   0.00,   0.00,  -10.16,   3.48,   0.36,  -0.01,  -0.00, 291.6, 292.2,  28.6,   0.0,  13.89,  12.77,     0.48,    67.37,  131.00,   31.33,  707.0,    0.04,         ,          ,        ,          ,       ,        ,   126.7,   0,  GPS,  317.8, 110.90, 116.20, 130.875, 121.500,       ,       ,       ,      ,       ,       ,    4.9,      0,  NONE,   NONE,      ,      ,   0.0, 3DDiff, 1852,      ,      8,   9.5,     12
2022-09-05, 06:44:14,  +00:00,       ,   37.9815979,   23.3736343,  -139.8, 29.91,     5.5,  26.5,   0.00,   0.00,  -20.90,   3.49,   0.36,  -0.01,  -0.00, 291.5, 292.2,  28.6,   0.0,  13.89,  12.77,     0.48,    67.22,  131.00,   31.18,  705.0,    0.04,         ,          ,        ,          ,       ,        ,   126.8,   0,  GPS,  317.8, 110.90, 116.20, 130.875, 121.500,       ,       ,       ,      ,       ,       ,    4.9,      0,  NONE,   NONE,      ,      ,   0.0, 3DDiff, 1852,      ,      8,   9.5,     12
2022-09-05, 06:44:15,  +00:00,       ,   37.9815941,   23.3736343,  -140.8, 29.91,     5.6,  26.5,   0.00,   0.00,  -19.98,   3.53,   0.35,  -0.01,  -0.00, 291.5, 292.2,  28.6,   0.0,  13.89,  12.77,     0.45,    67.44,  131.00,   31.11,  708.0,    0.04,         ,          ,        ,          ,       ,        ,   126.9,   0,  GPS,  317.8, 110.90, 116.20, 130.875, 121.500,       ,       ,       ,      ,       ,       ,    4.9,      0,  NONE,   NONE,      ,      ,   0.0, 3DDiff, 1852,      ,      8,   9.0,     12
2022-09-05, 06:44:16,  +00:00,       ,   37.9815941,   23.3736343,  -140.8, 29.91,     5.5,  26.5,   0.00,   0.00,  -17.91,   3.49,   0.37,  -0.01,  -0.01, 291.5, 292.2,  28.6,   0.0,  13.89,  12.77,     0.48,    67.37,  131.00,   31.18,  706.0,    0.04,         ,          ,        ,          ,       ,        ,   126.8,   0,  GPS,  317.8, 110.90, 116.20, 130.875, 121.500,       ,       ,       ,      ,       ,       ,    4.9,      0,  NONE,   NONE,      ,      ,   0.0, 3DDiff, 1852,      ,      8,   9.5,     12
2022-09-05, 06:44:17,  +00:00,       ,   37.9815941,   23.3736343,  -140.8, 29.91,     5.5,  26.5,   0.00,   0.00,  -11.01,   3.54,   0.36,  -0.01,  -0.00, 291.5, 292.2,  28.6,   0.0,  13.89,  12.77,     0.48,    67.30,  132.80,   31.04,  706.0,    0.04,         ,          ,        ,          ,       ,        ,   126.8,   0,  GPS,  317.8, 110.90, 116.20, 130.875, 121.500,       ,       ,       ,      ,       ,       ,    4.9,      0,  NONE,   NONE,      ,      ,   0.0, 3DDiff, 1852,      ,      8,   9.0,     12
2022-09-05, 06:44:18,  +00:00,       ,   37.9815941,   23.3736324,  -139.8, 29.91,     5.5,  26.5,   0.00,   0.00,   -3.60,   3.54,   0.38,  -0.01,  -0.01, 291.5, 292.2,  28.6,   0.0,  13.89,  12.77,     0.48,    67.37,  132.80,   30.89,  705.0,    0.04,         ,          ,        ,          ,       ,        ,   126.8,   0,  GPS,  317.8, 110.90, 116.20, 130.875, 121.500,       ,       ,       ,      ,       ,       ,    4.9,      0,  NONE,   NONE,      ,      ,   0.0, 3DDiff, 1852,      ,      8,   9.5,     12
2022-09-05, 06:44:19,  +00:00,       ,   37.9815979,   23.3736343,  -139.8, 29.91,     5.1,  26.5,   0.00,   0.00,    7.11,   3.54,   0.36,  -0.01,   0.00, 291.5, 292.2,  28.6,   0.0,  13.89,  12.77,     0.48,    67.52,  132.80,   30.89,  707.0,    0.04,         ,          ,        ,          ,       ,        ,   126.4,   0,  GPS,  317.8, 110.90, 116.20, 130.875, 121.500,       ,       ,       ,      ,       ,       ,    4.9,      0,  NONE,   NONE,      ,      ,   0.0, 3DDiff, 1852,      ,      8,   9.0,     12
2022-09-05, 06:44:21,  +00:00,       ,   37.9815979,   23.3736343,  -139.8, 29.91,     4.7,  26.5,   0.00,   0.00,    9.87,   3.53,   0.38,  -0.01,  -0.01, 291.5, 292.2,  28.6,   0.0,  13.89,  12.77,     0.50,    67.59,  132.80,   30.89,  705.0,    0.04,         ,          ,        ,          ,       ,        ,   126.0,   0,  GPS,  317.8, 110.90, 116.20, 130.875, 121.500,       ,       ,       ,      ,       ,       ,    4.9,      0,  NONE,   NONE,      ,      ,   0.0, 3DDiff, 1852,      ,      8,   9.0,     12
2022-09-05, 06:44:22,  +00:00,       ,   37.9815979,   23.3736343,  -140.8, 29.91,     4.7,  26.5,   0.00,   0.00,    2.89,   3.52,   0.36,  -0.02,  -0.01, 291.5, 292.2,  28.6,   0.0,  13.89,  12.77,     0.50,    67.59,  132.80,   30.89,  706.0,    0.04,         ,          ,        ,          ,       ,        ,   126.0,   0,  GPS,  317.8, 110.90, 116.20, 130.875, 121.500,       ,       ,       ,      ,       ,       ,    4.9,      0,  NONE,   NONE,      ,      ,   0.0, 3DDiff, 1852,      ,      8,   9.5,     12
2022-09-05, 06:44:23,  +00:00,       ,   37.9815979,   23.3736324,  -139.8, 29.91,     5.0,  26.5,   0.00,   0.00,   -5.46,   3.56,   0.41,  -0.00,  -0.00, 291.5, 292.2,  28.6,   0.0,  13.89,  12.77,     0.48,    67.52,  132.80,   30.97,  706.0,    0.04,         ,          ,        ,          ,       ,        ,   126.3,   0,  GPS,  317.8, 110.90, 116.20, 130.875, 121.500,       ,       ,       ,      ,       ,       ,    4.9,      0,  NONE,   NONE,      ,      ,  -3.9, 3DDiff, 1852,      ,      8,   9.0,     12
2022-09-05, 06:44:24,  +00:00,       ,   37.9815941,   23.3736343,  -139.8, 29.91,     5.4,  26.5,   0.00,   0.00,   -1.21,   3.53,   0.38,  -0.01,  -0.00, 291.5, 292.2,  28.6,   0.0,  13.89,  12.77,     0.48,    67.44,  132.80,   30.82,  707.0,    0.04,         ,          ,        ,          ,       ,        ,   126.7,   0,  GPS,  317.8, 110.90, 116.20, 130.875, 121.500,       ,       ,       ,      ,       ,       ,    4.9,      0,  NONE,   NONE,      ,      ,   0.0, 3DDiff, 1852,      ,      8,   9.5,     12
2022-09-05, 06:44:25,  +00:00,       ,   37.9815941,   23.3736324,  -140.8, 29.91,     5.6,  26.5,   0.00,   0.00,   -6.88,   3.56,   0.36,  -0.01,  -0.00, 291.5, 292.2,  28.6,   0.0,  13.89,  12.77,     0.50,    67.52,  132.80,   30.82,  705.0,    0.04,         ,          ,        ,          ,       ,        ,   126.8,   0,  GPS,  317.8, 110.90, 116.20, 130.875, 121.500,       ,       ,       ,      ,       ,       ,    4.9,      0,  NONE,   NONE,      ,      ,   0.0, 3DDiff, 1852,      ,      8,   9.0,     12
2022-09-05, 06:44:27,  +00:00,       ,   37.9815941,   23.3736343,  -141.8, 29.91,     5.3,  26.5,   0.00,   0.00,  -12.54,   3.55,   0.37,  -0.01,  -0.00, 291.5, 292.2,  28.6,   0.0,  13.89,  12.77,     0.50,    67.66,  132.80,   30.75,  705.0,    0.04,         ,          ,        ,          ,       ,        ,   126.6,   0,  GPS,  317.8, 110.90, 116.20, 130.875, 121.500,       ,       ,       ,      ,       ,       ,    4.9,      0,  NONE,   NONE,      ,      ,   0.0, 3DDiff, 1852,      ,      8,   9.0,     12
2022-09-05, 06:44:28,  +00:00,       ,   37.9815941,   23.3736324,  -141.8, 29.91,     5.1,  26.5,   0.00,   0.00,  -20.86,   3.56,   0.40,  -0.01,  -0.01, 291.5, 292.2,  28.6,   0.0,  13.89,  12.77,     0.50,    68.02,  132.80,   30.75,  707.0,    0.04,         ,          ,        ,          ,       ,        ,   126.4,   0,  GPS,  317.8, 110.90, 116.20, 130.875, 121.500,       ,       ,       ,      ,       ,       ,    4.9,      0,  NONE,   NONE,      ,      ,   0.0, 3DDiff, 1852,      ,      8,   9.5,     12
2022-09-05, 06:44:29,  +00:00,       ,   37.9815941,   23.3736324,  -139.8, 29.91,     5.0,  26.5,   0.00,   0.00,  -10.41,   3.50,   0.38,  -0.01,  -0.01, 291.5, 292.2,  28.6,   0.0,  13.89,  12.77,     0.53,    67.59,  132.80,   30.82,  702.0,    0.04,         ,          ,        ,          ,       ,        ,   126.3,   0,  GPS,  317.8, 110.90, 116.20, 130.875, 121.500,       ,       ,       ,      ,       ,       ,    4.9,      0,  NONE,   NONE,      ,      ,   0.0, 3DDiff, 1852,      ,      8,   9.0,     12
2022-09-05, 06:44:30,  +00:00,       ,   37.9815979,   23.3736324,  -139.8, 29.91,     5.0,  26.5,   0.00,   0.00,    9.99,   3.50,   0.41,  -0.00,  -0.00, 291.6, 292.2,  28.6,   0.0,  13.89,  12.77,     0.53,    67.22,  134.60,   31.11,  708.0,    0.04,         ,          ,        ,          ,       ,        ,   126.3,   0,  GPS,  317.8, 110.90, 116.20, 130.875, 121.500,       ,       ,       ,      ,       ,       ,    4.9,      0,  NONE,   NONE,      ,      ,   0.0, 3DDiff, 1852,      ,      8,   9.0,     12
2022-09-05, 06:44:31,  +00:00,       ,   37.9815979,   23.3736343,  -141.8, 29.91,     5.4,  26.8,   0.00,   0.00,    9.79,   3.53,   0.36,  -0.01,  -0.00, 291.6, 292.2,  28.6,   0.0,  13.89,  12.77,     0.53,    66.72,  134.60,   31.26,  705.0,    0.04,         ,          ,        ,          ,       ,        ,   126.7,   0,  GPS,  317.8, 110.90, 116.20, 130.875, 121.500,       ,       ,       ,      ,       ,       ,    4.9,      0,  NONE,   NONE,      ,      ,   0.0, 3DDiff, 1852,      ,      8,   9.0,     12
2022-09-05, 06:44:32,  +00:00,       ,   37.9815979,   23.3736343,  -140.8, 29.91,     5.5,  26.8,   0.00,   0.00,   -0.13,   3.55,   0.37,  -0.01,  -0.00, 291.6, 292.2,  28.6,   0.0,  13.89,  12.77,     0.48,    67.01,  134.60,   31.18,  707.0,    0.04,         ,          ,        ,          ,       ,        ,   126.8,   0,  GPS,  317.8, 110.90, 116.20, 130.875, 121.500,       ,       ,       ,      ,       ,       ,    4.9,      0,  NONE,   NONE,      ,      ,   0.0, 3DDiff, 1852,      ,      8,   9.0,     12
2022-09-05, 06:44:33,  +00:00,       ,   37.9815979,   23.3736343,  -139.8, 29.91,     5.5,  26.8,   0.00,   0.00,    3.75,   3.54,   0.37,  -0.01,  -0.00, 291.6, 292.2,  28.6,   0.0,  13.89,  12.77,     0.48,    67.66,  134.60,   30.89,  705.0,    0.04,         ,          ,        ,          ,       ,        ,   126.8,   0,  GPS,  317.8, 110.90, 116.20, 130.875, 121.500,       ,       ,       ,      ,       ,       ,    4.9,      0,  NONE,   NONE,      ,      ,   0.0, 3DDiff, 1852,      ,      8,   9.0,     12
2022-09-05, 06:44:34,  +00:00,       ,   37.9815979,   23.3736343,  -139.8, 29.91,     5.6,  26.8,   0.00,   0.00,   11.52,   3.56,   0.37,  -0.01,  -0.01, 291.6, 292.2,  28.6,   0.0,  13.89,  12.77,     0.48,    67.81,  134.60,   30.82,  704.0,    0.04,         ,          ,        ,          ,       ,        ,   126.9,   0,  GPS,  317.8, 110.90, 116.20, 130.875, 121.500,       ,       ,       ,      ,       ,       ,    4.9,      0,  NONE,   NONE,      ,      ,   0.0, 3DDiff, 1852,      ,      8,   9.0,     12
2022-09-05, 06:44:35,  +00:00,       ,   37.9815941,   23.3736324,  -140.8, 29.91,     5.4,  26.8,   0.00,   0.00,    8.44,   3.53,   0.38,  -0.01,  -0.01, 291.5, 292.2,  28.6,   0.0,  13.89,  12.77,     0.50,    67.66,  134.60,   30.68,  705.0,    0.04,         ,          ,        ,          ,       ,        ,   126.7,   0,  GPS,  317.8, 110.90, 116.20, 130.875, 121.500,       ,       ,       ,      ,       ,       ,    4.9,      0,  NONE,   NONE,      ,      ,   0.0, 3DDiff, 1852,      ,      8,   9.0,     12
2022-09-05, 06:44:36,  +00:00,       ,   37.9815979,   23.3736324,  -140.8, 29.91,     5.2,  26.8,   0.00,   0.00,   -4.64,   3.50,   0.40,  -0.01,  -0.01, 291.6, 292.2,  28.6,   0.0,  13.89,  12.78,     0.48,    67.73,  134.60,   30.68,  713.0,    0.04,         ,          ,        ,          ,       ,        ,   126.5,   0,  GPS,  317.8, 110.90, 116.20, 130.875, 121.500,       ,       ,       ,      ,       ,       ,    4.9,      0,  NONE,   NONE,      ,      ,   0.0, 3DDiff, 1852,      ,      8,   9.0,     12
2022-09-05, 06:44:37,  +00:00,       ,   37.9815979,   23.3736324,  -139.8, 29.91,     5.7,  26.8,   0.00,   0.00,   -6.61,   3.54,   0.38,  -0.00,  -0.00, 291.6, 292.2,  28.6,   0.0,  13.89,  12.78,     0.50,    68.02,  134.60,   30.60,  714.0,    0.04,         ,          ,        ,          ,       ,        ,   126.9,   0,  GPS,  317.8, 110.90, 116.20, 130.875, 121.500,       ,       ,       ,      ,       ,       ,    4.9,      0,  NONE,   NONE,      ,      ,   0.0, 3DDiff, 1852,      ,      8,   9.0,     12
2022-09-05, 06:44:38,  +00:00,       ,   37.9815979,   23.3736324,  -139.8, 29.91,     5.7,  26.8,   0.00,   0.00,    3.67,   3.54,   0.38,  -0.00,  -0.00, 291.6, 292.2,  28.6,   0.0,  13.89,  12.78,     0.50,    68.02,  134.60,   30.53,  715.0,    0.04,         ,          ,        ,          ,       ,        ,   127.0,   0,  GPS,  317.8, 110.90, 116.20, 130.875, 121.500,       ,       ,       ,      ,       ,       ,    4.9,      0,  NONE,   NONE,      ,      ,   0.0, 3DDiff, 1852,      ,      8,   9.0,     12
2022-09-05, 06:44:39,  +00:00,       ,   37.9815979,   23.3736324,  -138.8, 29.91,     6.0,  26.8,   0.00,   0.00,   18.46,   3.56,   0.46,   0.00,  -0.00, 291.6, 292.2,  28.6,   0.0,  13.89,  12.78,     0.50,    68.02,  134.60,   30.68,  715.0,    0.04,         ,          ,        ,          ,       ,        ,   127.3,   0,  GPS,  317.8, 110.90, 116.20, 130.875, 121.500,       ,       ,       ,      ,       ,       ,    4.9,      0,  NONE,   NONE,      ,      ,   0.0, 3DDiff, 1852,      ,      8,   9.0,     12
2022-09-05, 06:44:40,  +00:00,       ,   37.9815979,   23.3736324,  -140.8, 29.91,     6.3,  26.8,   0.00,   0.00,   14.86,   3.53,   0.35,  -0.02,  -0.01, 291.5, 292.2,  28.6,   0.0,  13.89,  12.78,     0.50,    68.02,  134.60,   30.60,  715.0,    0.04,         ,          ,        ,          ,       ,        ,   127.6,   0,  GPS,  317.8, 110.90, 116.20, 130.875, 121.500,       ,       ,       ,      ,       ,       ,    4.9,      0,  NONE,   NONE,      ,      ,   0.0, 3DDiff, 1852,      ,      8,   9.0,     12
2022-09-05, 06:44:41,  +00:00,       ,   37.9815979,   23.3736324,  -139.8, 29.91,     6.0,  26.8,   0.00,   0.00,   -0.55,   3.54,   0.46,  -0.00,  -0.01, 291.6, 292.2,  28.6,   0.0,  13.89,  12.78,     0.50,    67.01,  134.60,   30.82,  710.0,    0.04,         ,          ,        ,          ,       ,        ,   127.3,   0,  GPS,  317.8, 110.90, 116.20, 130.875, 121.500,       ,       ,       ,      ,       ,       ,    4.9,      0,  NONE,   NONE,      ,      ,   0.0, 3DDiff, 1852,      ,      8,   9.0,     12
2022-09-05, 06:44:42,  +00:00,       ,   37.9815979,   23.3736343,  -138.8, 29.91,     6.7,  26.8,   0.00,   0.00,    6.31,   3.56,   0.37,  -0.01,  -0.01, 291.6, 292.2,  28.6,   0.0,  13.89,  12.78,     0.50,    67.08,  134.60,   30.97,  712.0,    0.04,         ,          ,        ,          ,       ,        ,   128.0,   0,  GPS,  317.8, 110.90, 116.20, 130.875, 121.500,       ,       ,       ,      ,       ,       ,    4.9,      0,  NONE,   NONE,      ,      ,  27.6, 3DDiff, 1852,      ,      8,   9.0,     12
2022-09-05, 06:44:43,  +00:00,       ,   37.9815941,   23.3736324,  -138.8, 29.91,     6.4,  26.8,   0.00,   0.00,   14.80,   3.57,   0.40,  -0.01,  -0.00, 291.6, 292.2,  28.6,   0.0,  13.89,  12.78,     0.50,    66.86,  134.60,   31.11,  714.0,    0.04,         ,          ,        ,          ,       ,        ,   127.7,   0,  GPS,  317.8, 110.90, 116.20, 130.875, 121.500,       ,       ,       ,      ,       ,       ,    4.9,      0,  NONE,   NONE,      ,      ,   0.0, 3DDiff, 1852,      ,      8,   9.0,     12
2022-09-05, 06:44:44,  +00:00,       ,   37.9815941,   23.3736324,  -139.8, 29.91,     6.4,  26.8,   0.00,   0.00,   12.10,   3.55,   0.45,  -0.01,   0.00, 291.6, 292.2,  28.6,   0.0,  13.89,  12.78,     0.50,    67.52,  134.60,   30.53,  715.0,    0.04,         ,          ,        ,          ,       ,        ,   127.7,   0,  GPS,  317.8, 110.90, 116.20, 130.875, 121.500,       ,       ,       ,      ,       ,       ,    4.9,      0,  NONE,   NONE,      ,      ,   0.0, 3DDiff, 1852,      ,      8,   9.0,     12
2022-09-05, 06:44:45,  +00:00,       ,   37.9815941,   23.3736324,  -140.8, 29.91,     6.5,  26.8,   0.00,   0.00,   -4.53,   3.52,   0.40,  -0.01,   0.00, 291.6, 292.2,  28.6,   0.0,  13.89,  12.77,     0.50,    67.73,  134.60,   30.53,  713.0,    0.04,         ,          ,        ,          ,       ,        ,   127.8,   0,  GPS,  317.8, 110.90, 116.20, 130.875, 121.500,       ,       ,       ,      ,       ,       ,    4.9,      0,  NONE,   NONE,      ,      ,   0.0, 3DDiff, 1852,      ,      8,   9.0,     12
2022-09-05, 06:44:46,  +00:00,       ,   37.9815941,   23.3736324,  -139.8, 29.91,     6.4,  26.8,   0.00,   0.00,  -12.55,   3.53,   0.45,  -0.01,   0.00, 291.6, 292.2,  28.6,   0.0,  13.89,  12.77,     0.50,    67.88,  134.60,   30.31,  715.0,    0.04,         ,          ,        ,          ,       ,        ,   127.7,   0,  GPS,  317.8, 110.90, 116.20, 130.875, 121.500,       ,       ,       ,      ,       ,       ,    4.9,      0,  NONE,   NONE,      ,      ,   0.0, 3DDiff, 1852,      ,      8,   9.0,     12
2022-09-05, 06:44:47,  +00:00,       ,   37.9815941,   23.3736324,  -139.8, 29.91,     6.6,  26.8,   0.00,   0.00,   -8.25,   3.52,   0.42,  -0.01,  -0.01, 291.6, 292.2,  28.6,   0.0,  13.89,  12.77,     0.48,    67.73,  134.60,   30.39,  712.0,    0.04,         ,          ,        ,          ,       ,        ,   127.9,   0,  GPS,  317.8, 110.90, 116.20, 130.875, 121.500,       ,       ,       ,      ,       ,       ,    4.9,      0,  NONE,   NONE,      ,      ,   0.0, 3DDiff, 1852,      ,      8,   9.0,     12
2022-09-05, 06:44:48,  +00:00,       ,   37.9815941,   23.3736343,  -140.8, 29.91,     7.1,  26.8,   0.00,   0.00,   -7.96,   3.53,   0.40,  -0.01,  -0.00, 291.6, 292.2,  28.6,   0.0,  13.89,  12.78,     0.50,    67.52,  134.60,   30.39,  708.0,    0.04,         ,          ,        ,          ,       ,        ,   128.4,   0,  GPS,  317.8, 110.90, 116.20, 130.875, 121.500,       ,       ,       ,      ,       ,       ,    4.9,      0,  NONE,   NONE,      ,      ,   0.0, 3DDiff, 1852,      ,      8,   9.0,     12
2022-09-05, 06:44:49,  +00:00,       ,   37.9815941,   23.3736343,  -139.8, 29.91,     7.2,  26.8,   0.00,   0.00,   -6.82,   3.56,   0.45,   0.00,   0.01, 291.6, 292.2,  28.6,   0.0,  13.89,  12.78,     0.50,    66.86,  136.40,   30.46,  713.0,    0.04,         ,          ,        ,          ,       ,        ,   128.5,   0,  GPS,  317.8, 110.90, 116.20, 130.875, 121.500,       ,       ,       ,      ,       ,       ,    4.9,      0,  NONE,   NONE,      ,      ,   0.0, 3DDiff, 1852,      ,      8,   9.0,     12
2022-09-05, 06:44:50,  +00:00,       ,   37.9815941,   23.3736343,  -138.8, 29.91,     7.3,  26.8,   0.00,   0.00,    7.07,   3.52,   0.41,  -0.01,  -0.00, 291.6, 292.2,  28.6,   0.0,  13.89,  12.78,     0.50,    66.50,  136.40,   30.60,  710.0,    0.04,         ,          ,        ,          ,       ,        ,   128.6,   0,  GPS,  317.8, 110.90, 116.20, 130.875, 121.500,       ,       ,       ,      ,       ,       ,    4.9,      0,  NONE,   NONE,      ,      ,   0.0, 3DDiff, 1852,      ,      8,   9.0,     12
2022-09-05, 06:44:51,  +00:00,       ,   37.9815941,   23.3736343,  -138.8, 29.91,     7.2,  26.8,   0.00,   0.00,   17.50,   3.50,   0.46,  -0.00,  -0.00, 291.6, 292.2,  28.6,   0.0,  13.89,  12.78,     0.50,    67.15,  136.40,   30.89,  712.0,    0.04,         ,          ,        ,          ,       ,        ,   128.5,   0,  GPS,  317.8, 110.90, 116.20, 130.875, 121.500,       ,       ,       ,      ,       ,       ,    4.9,      0,  NONE,   NONE,      ,      ,   0.0, 3DDiff, 1852,      ,      8,   9.0,     12
2022-09-05, 06:44:52,  +00:00,       ,   37.9815941,   23.3736324,  -139.8, 29.91,     6.8,  26.8,   0.00,   0.00,   11.50,   3.50,   0.44,  -0.01,  -0.01, 291.6, 292.2,  28.6,   0.0,  13.89,  12.78,     0.50,    66.21,  136.40,   30.82,  713.0,    0.04,         ,          ,        ,          ,       ,        ,   128.1,   0,  GPS,  317.8, 110.90, 116.20, 130.875, 121.500,       ,       ,       ,      ,       ,       ,    4.9,      0,  NONE,   NONE,      ,      ,   0.0, 3DDiff, 1852,      ,      8,   9.0,     12
2022-09-05, 06:44:53,  +00:00,       ,   37.9815941,   23.3736324,  -138.8, 29.91,     6.8,  26.8,   0.00,   0.00,    5.56,   3.53,   0.47,  -0.00,  -0.00, 291.6, 292.2,  28.6,   0.0,  13.89,  12.77,     0.50,    66.86,  136.40,   30.75,  711.0,    0.04,         ,          ,        ,          ,       ,        ,   128.1,   0,  GPS,  317.8, 110.90, 116.20, 130.875, 121.500,       ,       ,       ,      ,       ,       ,    4.9,      0,  NONE,   NONE,      ,      ,   0.0, 3DDiff, 1852,      ,      8,   9.0,     12
2022-09-05, 06:44:54,  +00:00,       ,   37.9815941,   23.3736324,  -138.8, 29.91,     6.8,  26.5,   0.00,   0.00,    6.48,   3.50,   0.44,  -0.00,  -0.00, 291.6, 292.2,  28.6,   0.0,  13.89,  12.77,     0.50,    67.37,  136.40,   30.53,  714.0,    0.04,         ,          ,        ,          ,       ,        ,   128.1,   0,  GPS,  317.8, 110.90, 116.20, 130.875, 121.500,       ,       ,       ,      ,       ,       ,    4.9,      0,  NONE,   NONE,      ,      ,   0.0, 3DDiff, 1852,      ,      8,   9.0,     12
2022-09-05, 06:44:55,  +00:00,       ,   37.9815941,   23.3736343,  -138.8, 29.91,     6.7,  26.5,   0.00,   0.00,    8.66,   3.47,   0.44,  -0.01,  -0.01, 291.6, 292.2,  28.6,   0.0,  13.89,  12.77,     0.50,    67.88,  136.40,   30.31,  715.0,    0.04,         ,          ,        ,          ,       ,        ,   128.0,   0,  GPS,  317.8, 110.90, 116.20, 130.875, 121.500,       ,       ,       ,      ,       ,       ,    4.9,      0,  NONE,   NONE,      ,      ,   0.0, 3DDiff, 1852,      ,      8,   9.0,     12
2022-09-05, 06:44:56,  +00:00,       ,   37.9815941,   23.3736343,  -139.8, 29.91,     6.7,  26.5,   0.00,   0.00,    2.32,   3.53,   0.43,  -0.00,  -0.00, 291.6, 292.2,  28.6,   0.0,  13.89,  12.77,     0.48,    67.81,  136.40,   30.17,  708.0,    0.04,         ,          ,        ,          ,       ,        ,   128.0,   0,  GPS,  317.8, 110.90, 116.20, 130.875, 121.500,       ,       ,       ,      ,       ,       ,    4.9,      0,  NONE,   NONE,      ,      ,   0.0, 3DDiff, 1852,      ,      8,   9.0,     12
2022-09-05, 06:44:57,  +00:00,       ,   37.9815941,   23.3736343,  -139.8, 29.91,     6.2,  26.5,   0.00,   0.00,   -6.96,   3.48,   0.44,  -0.01,  -0.00, 291.6, 292.2,  28.6,   0.0,  13.89,  12.78,     0.48,    67.44,  136.40,   30.17,  715.0,    0.04,         ,          ,        ,          ,       ,        ,   127.5,   0,  GPS,  317.8, 110.90, 116.20, 130.875, 121.500,       ,       ,       ,      ,       ,       ,    4.9,      0,  NONE,   NONE,      ,      ,   0.0, 3DDiff, 1852,      ,      8,   9.0,     12
2022-09-05, 06:44:58,  +00:00,       ,   37.9815941,   23.3736343,  -139.8, 29.91,     6.2,  26.5,   0.00,   0.00,  -12.19,   3.48,   0.43,  -0.01,  -0.00, 291.6, 292.2,  28.6,   0.0,  13.89,  12.78,     0.48,    67.81,  136.40,   30.10,  714.0,    0.04,         ,          ,        ,          ,       ,        ,   127.5,   0,  GPS,  317.8, 110.90, 116.20, 130.875, 121.500,       ,       ,       ,      ,       ,       ,    4.9,      0,  NONE,   NONE,      ,      ,   3.9, 3DDiff, 1852,      ,      8,   9.0,     12
2022-09-05, 06:44:59,  +00:00,       ,   37.9815941,   23.3736324,  -139.8, 29.91,     6.3,  26.5,   0.00,   0.00,  -14.51,   3.47,   0.42,  -0.01,  -0.00, 291.6, 292.2,  28.6,   0.0,  13.89,  12.78,     0.48,    68.10,  136.40,   30.10,  715.0,    0.04,         ,          ,        ,          ,       ,        ,   127.6,   0,  GPS,  317.8, 110.90, 116.20, 130.875, 121.500,       ,       ,       ,      ,       ,       ,    4.9,      0,  NONE,   NONE,      ,      ,   0.0, 3DDiff, 1852,      ,      8,   8.5,     12
2022-09-05, 06:45:00,  +00:00,       ,   37.9815941,   23.3736324,  -140.8, 29.91,     6.3,  26.5,   0.00,   0.00,  -16.13,   3.47,   0.45,  -0.01,  -0.01, 291.6, 292.2,  28.6,   0.0,  13.89,  12.78,     0.50,    68.02,  136.40,   30.10,  716.0,    0.04,         ,          ,        ,          ,       ,        ,   127.6,   0,  GPS,  317.8, 110.90, 116.20, 130.875, 121.500,       ,       ,       ,      ,       ,       ,    4.9,      0,  NONE,   NONE,      ,      ,   0.0, 3DDiff, 1852,      ,      8,   9.0,     12
2022-09-05, 06:45:01,  +00:00,       ,   37.9815941,   23.3736324,  -140.8, 29.91,     6.4,  26.5,   0.00,   0.00,  -21.41,   3.48,   0.41,  -0.01,  -0.00, 291.6, 292.2,  28.6,   0.0,  13.89,  12.78,     0.50,    68.02,  136.40,   30.10,  715.0,    0.04,         ,          ,        ,          ,       ,        ,   127.7,   0,  GPS,  317.8, 110.90, 116.20, 130.875, 121.500,       ,       ,       ,      ,       ,       ,    4.9,      0,  NONE,   NONE,      ,      ,   0.0, 3DDiff, 1852,      ,      8,   9.0,     12
2022-09-05, 06:45:02,  +00:00,       ,   37.9815941,   23.3736324,  -140.8, 29.91,     6.5,  26.5,   0.00,   0.00,  -11.93,   3.52,   0.43,  -0.00,   0.00, 291.6, 292.2,  28.6,   0.0,  13.89,  12.78,     0.48,    68.02,  136.40,   30.10,  717.0,    0.04,         ,          ,        ,          ,       ,        ,   127.8,   0,  GPS,  317.8, 110.90, 116.20, 130.875, 121.500,       ,       ,       ,      ,       ,       ,    4.9,      0,  NONE,   NONE,      ,      ,   0.0, 3DDiff, 1852,      ,      8,   9.0,     12
2022-09-05, 06:45:03,  +00:00,       ,   37.9815941,   23.3736343,  -140.8, 29.91,     6.4,  26.5,   0.00,   0.00,   -7.31,   3.50,   0.41,  -0.00,   0.00, 291.6, 292.2,  28.6,   0.0,  13.89,  12.78,     0.48,    67.81,  136.40,   30.02,  710.0,    0.04,         ,          ,        ,          ,       ,        ,   127.7,   0,  GPS,  317.8, 110.90, 116.20, 130.875, 121.500,       ,       ,       ,      ,       ,       ,    4.9,      0,  NONE,   NONE,      ,      ,   0.0, 3DDiff, 1852,      ,      8,   8.5,     12
2022-09-05, 06:45:04,  +00:00,       ,   37.9815941,   23.3736343,  -140.8, 29.91,     6.4,  26.5,   0.00,   0.00,   -4.78,   3.50,   0.42,  -0.00,  -0.00, 291.6, 292.2,  28.6,   0.0,  13.89,  12.78,     0.48,    67.95,  136.40,   30.02,  715.0,    0.04,         ,          ,        ,          ,       ,        ,   127.7,   0,  GPS,  317.8, 110.90, 116.20, 130.875, 121.500,       ,       ,       ,      ,       ,       ,    4.9,      0,  NONE,   NONE,      ,      ,   0.0, 3DDiff, 1852,      ,      8,   9.0,     12
2022-09-05, 06:45:05,  +00:00,       ,   37.9815941,   23.3736343,  -139.8, 29.91,     6.4,  26.5,   0.00,   0.00,    2.44,   3.46,   0.42,  -0.01,  -0.01, 291.6, 292.2,  28.6,   0.0,  13.89,  12.78,     0.48,    67.95,  138.20,   30.02,  716.0,    0.04,         ,          ,        ,          ,       ,        ,   127.7,   0,  GPS,  317.8, 110.90, 116.20, 130.875, 121.500,       ,       ,       ,      ,       ,       ,    4.9,      0,  NONE,   NONE,      ,      ,   0.0, 3DDiff, 1852,      ,      8,   9.0,     12
2022-09-05, 06:45:06,  +00:00,       ,   37.9815941,   23.3736343,  -139.8, 29.91,     6.4,  26.5,   0.00,   0.00,    8.47,   3.50,   0.41,  -0.01,  -0.00, 291.6, 292.2,  28.6,   0.0,  13.89,  12.78,     0.50,    67.88,  138.20,   29.95,  713.0,    0.04,         ,          ,        ,          ,       ,        ,   127.7,   0,  GPS,  317.8, 110.90, 116.20, 130.875, 121.500,       ,       ,       ,      ,       ,       ,    4.9,      0,  NONE,   NONE,      ,      ,   0.0, 3DDiff, 1852,      ,      8,   9.0,     12
2022-09-05, 06:45:07,  +00:00,       ,   37.9815941,   23.3736343,  -139.8, 29.91,     6.4,  26.5,   0.00,   0.00,    9.79,   3.50,   0.41,  -0.01,  -0.00, 291.5, 292.2,  28.6,   0.0,  13.88,  12.78,     0.50,    68.02,  138.20,   30.02,  716.0,    0.04,         ,          ,        ,          ,       ,        ,   127.7,   0,  GPS,  317.8, 110.90, 116.20, 130.875, 121.500,       ,       ,       ,      ,       ,       ,    4.9,      0,  NONE,   NONE,      ,      ,   0.0, 3DDiff, 1852,      ,      8,   8.5,     12
2022-09-05, 06:45:08,  +00:00,       ,   37.9815941,   23.3736324,  -140.8, 29.91,     6.0,  26.8,   0.00,   0.00,    2.57,   3.53,   0.40,  -0.01,   0.00, 291.5, 292.2,  28.6,   0.0,  13.88,  12.78,     0.48,    68.02,  138.20,   30.02,  714.0,    0.04,         ,          ,        ,          ,       ,        ,   127.3,   0,  GPS,  317.8, 110.90, 116.20, 130.875, 121.500,       ,       ,       ,      ,       ,       ,    4.9,      0,  NONE,   NONE,      ,      ,   0.0, 3DDiff, 1852,      ,      8,   9.0,     12
2022-09-05, 06:45:09,  +00:00,       ,   37.9815941,   23.3736324,  -139.8, 29.91,     5.8,  26.8,   0.00,   0.00,    0.07,   3.52,   0.40,  -0.01,   0.01, 291.5, 292.2,  28.7,   0.0,  13.88,  12.78,     0.50,    67.22,  138.20,   30.02,  708.0,    0.04,         ,          ,        ,          ,       ,        ,   127.1,   0,  GPS,  317.8, 110.90, 116.20, 130.875, 121.500,       ,       ,       ,      ,       ,       ,    4.9,      0,  NONE,   NONE,      ,      ,   0.0, 3DDiff, 1852,      ,      8,   9.0,     12
2022-09-05, 06:45:10,  +00:00,       ,   37.9815941,   23.3736324,  -139.8, 29.91,     5.8,  26.8,   0.00,   0.00,    6.68,   3.50,   0.41,  -0.00,  -0.00, 291.5, 292.2,  28.6,   0.0,  13.88,  12.78,     0.50,    67.01,  138.20,   30.46,  714.0,    0.04,         ,          ,        ,          ,       ,        ,   127.1,   0,  GPS,  317.8, 110.90, 116.20, 130.875, 121.500,       ,       ,       ,      ,       ,       ,    4.9,      0,  NONE,   NONE,      ,      ,   3.9, 3DDiff, 1852,      ,      8,   9.0,     12
2022-09-05, 06:45:11,  +00:00,       ,   37.9815941,   23.3736324,  -138.8, 29.91,     5.7,  26.8,   0.00,   0.00,   11.79,   3.52,   0.44,  -0.00,  -0.00, 291.5, 292.2,  28.6,   0.0,  13.88,  12.78,     0.48,    67.01,  138.20,   30.17,  715.0,    0.04,         ,          ,        ,          ,       ,        ,   127.0,   0,  GPS,  317.8, 110.90, 116.20, 130.875, 121.500,       ,       ,       ,      ,       ,       ,    4.9,      0,  NONE,   NONE,      ,      ,   0.0, 3DDiff, 1852,      ,      8,   8.5,     12
2022-09-05, 06:45:12,  +00:00,       ,   37.9815941,   23.3736343,  -139.8, 29.91,     6.6,  26.8,   0.00,   0.00,   12.54,   3.53,   0.35,  -0.01,  -0.00, 291.5, 292.2,  28.6,   0.0,  13.88,  12.78,     0.48,    67.59,  138.20,   29.88,  715.0,    0.04,         ,          ,        ,          ,       ,        ,   127.9,   0,  GPS,  317.8, 110.90, 116.20, 130.875, 121.500,       ,       ,       ,      ,       ,       ,    4.9,      0,  NONE,   NONE,      ,      ,   0.0, 3DDiff, 1852,      ,      8,   9.0,     12
2022-09-05, 06:45:13,  +00:00,       ,   37.9815941,   23.3736343,  -138.8, 29.91,     6.5,  26.8,   0.00,   0.00,   10.62,   3.53,   0.45,   0.00,   0.00, 291.5, 292.2,  28.6,   0.0,  13.88,  12.78,     0.50,    67.73,  138.20,   29.95,  715.0,    0.04,         ,          ,        ,          ,       ,        ,   127.8,   0,  GPS,  317.8, 110.90, 116.20, 130.875, 121.500,       ,       ,       ,      ,       ,       ,    4.9,      0,  NONE,   NONE,      ,      ,   0.0, 3DDiff, 1852,      ,      8,   9.0,     12
2022-09-05, 06:45:14,  +00:00,       ,   37.9815941,   23.3736343,  -138.8, 29.91,     6.6,  26.8,   0.00,   0.00,   10.03,   3.49,   0.36,  -0.02,  -0.00, 291.5, 292.2,  28.6,   0.0,  13.88,  12.78,     0.50,    67.52,  138.20,   29.81,  715.0,    0.04,         ,          ,        ,          ,       ,        ,   127.9,   0,  GPS,  317.8, 110.90, 116.20, 130.875, 121.500,       ,       ,       ,      ,       ,       ,    4.9,      0,  NONE,   NONE,      ,      ,   0.0, 3DDiff, 1852,      ,      8,   9.0,     12
2022-09-05, 06:45:15,  +00:00,       ,   37.9815941,   23.3736343,  -138.8, 29.91,     6.6,  26.8,   0.00,   0.00,    7.96,   3.52,   0.38,  -0.01,  -0.00, 291.5, 292.2,  28.6,   0.0,  13.88,  12.78,     0.48,    67.66,  138.20,   29.88,  714.0,    0.04,         ,          ,        ,          ,       ,        ,   127.9,   0,  GPS,  317.8, 110.90, 116.20, 130.875, 121.500,       ,       ,       ,      ,       ,       ,    4.9,      0,  NONE,   NONE,      ,      ,   0.0, 3DDiff, 1852,      ,      8,   8.5,     12
2022-09-05, 06:45:16,  +00:00,       ,   37.9815941,   23.3736343,  -139.8, 29.91,     6.2,  26.8,   0.00,   0.00,    4.98,   3.52,   0.47,  -0.01,   0.00, 291.5, 292.2,  28.6,   0.0,  13.88,  12.77,     0.48,    67.88,  138.20,   29.81,  715.0,    0.04,         ,          ,        ,          ,       ,        ,   127.5,   0,  GPS,  317.8, 110.90, 116.20, 130.875, 121.500,       ,       ,       ,      ,       ,       ,    4.9,      0,  NONE,   NONE,      ,      ,   0.0, 3DDiff, 1852,      ,      8,   9.0,     12
2022-09-05, 06:45:17,  +00:00,       ,   37.9815941,   23.3736343,  -139.8, 29.91,     6.1,  26.8,   0.00,   0.00,   -4.41,   3.49,   0.35,  -0.02,  -0.01, 291.5, 292.2,  28.6,   0.0,  13.88,  12.77,     0.48,    67.95,  138.20,   29.66,  714.0,    0.04,         ,          ,        ,          ,       ,        ,   127.4,   0,  GPS,  317.8, 110.90, 116.20, 130.875, 121.500,       ,       ,       ,      ,       ,       ,    4.9,      0,  NONE,   NONE,      ,      ,   0.0, 3DDiff, 1852,      ,      8,   9.0,     12
2022-09-05, 06:45:18,  +00:00,       ,   37.9815941,   23.3736343,  -139.8, 29.91,     6.1,  26.8,   0.00,   0.00,  -10.89,   3.54,   0.46,  -0.01,   0.00, 291.5, 292.2,  28.6,   0.0,  13.88,  12.77,     0.50,    66.79,  138.20,   29.88,  715.0,    0.04,         ,          ,        ,          ,       ,        ,   127.4,   0,  GPS,  317.8, 110.90, 116.20, 130.875, 121.500,       ,       ,       ,      ,       ,       ,    4.9,      0,  NONE,   NONE,      ,      ,   0.0, 3DDiff, 1852,      ,      8,   9.0,     12
2022-09-05, 06:45:19,  +00:00,       ,   37.9815941,   23.3736343,  -140.8, 29.91,     6.1,  26.8,   0.00,   0.00,  -16.03,   3.52,   0.42,  -0.01,  -0.01, 291.